Teks Berita,Label,Sumber
Video Meteor Jatuh di Gorontalo Dikaitkan dengan Gempa Kepulauan Seribu,Hoax,Tempo Cek Fakta
Keliru: Detikcom Tayangkan Berita Menkeu Suahasil Tersangka Korupsi Rp 500 Triliun,Hoax,Tempo Cek Fakta
Keliru: Foto-foto Tenggelamnya KM Virgo Transport 8,Hoax,Tempo Cek Fakta
Keliru: Razia Kelengkapan Dokumen Kendaraan dari Rumah ke Rumah,Hoax,Tempo Cek Fakta
Keliru: Fenomena Hujan Darah di Kolombia,Hoax,Tempo Cek Fakta
Menyesatkan: Putin Pertanyakan Prabowo Soal Keanggotaan Indonesia di Board of Peace,Hoax,Tempo Cek Fakta
Keliru: Rekaman Penumpang KMP Virgo Transport 8 Sebelum Tenggelam,Hoax,Tempo Cek Fakta
Keliru: Indonesia Gunakan Peralatan Canggih untuk Padamkan Kebakaran Hutan dan Lahan,Hoax,Tempo Cek Fakta
Belum Ada Bukti: Air Hujan Hasil Modifikasi Cuaca Berbahaya bagi Kesehatan,Hoax,Tempo Cek Fakta
Keliru: Video Armada Udara Jepang Bantu Padamkan Kebakaran Hutan Kalimantan dalam 2 Jam,Hoax,Tempo Cek Fakta
Menyesatkan: Video Air Laut Surut sebagai Dampak Erupsi Gunung Anak Krakatau,Hoax,Tempo Cek Fakta
Keliru: Foto-foto Korban Kapal Virgo Transport 8 Terombang-Ambing di Laut,Hoax,Tempo Cek Fakta
Keliru: Video Langit Merah di Indonesia dan Jepang sebagai Pertanda Bencana Besar,Hoax,Tempo Cek Fakta
Menyesatkan: Foto dan Video Semburan Abu Vulkanik Anak Krakatau di Jakarta,Hoax,Tempo Cek Fakta
Menyesatkan: Kemenkeu Buat Aturan Pajak Baru Rumah Kontrakan Mulai 2027,Hoax,Tempo Cek Fakta
Menyesatkan: Video Detik-Detik Erupsi Gunung Anak Krakatau 2026,Hoax,Tempo Cek Fakta
Tips Memilah Informasi Akurat di Masa Bencana,Hoax,Tempo Cek Fakta
Menyesatkan: Video Warga Berlarian karena Erupsi Gunung Anak Krakatau,Hoax,Tempo Cek Fakta
Keliru: Foto Erupsi Gunung Anak Krakatau,Hoax,Tempo Cek Fakta
Keliru: Megawati Tawarkan Bantuan Modal Usaha Lewat WhatsApp,Hoax,Tempo Cek Fakta
Keliru: Tautan Program Bantuan Hewan Ternak Gratis 2026,Hoax,Tempo Cek Fakta
Menyesatkan: Produsen Vaksin HPV Bayar Kompensasi karena Menyebabkan Efek Samping,Hoax,Tempo Cek Fakta
Menyesatkan: Rekaman Semburan Lava dari Erupsi Gunung Anak Krakatau,Hoax,Tempo Cek Fakta
Keliru: Seluruh Gunung Api di Indonesia Aktif Serentak,Hoax,Tempo Cek Fakta
Menyesatkan: Kebakaran Hutan Kalimantan Terjadi Alami Akibat Penguapan Batu Bara,Hoax,Tempo Cek Fakta
Menyesatkan: Prediksi Gempa Besar akan Guncang Indonesia Sebelum Akhir Tahun 2026,Hoax,Tempo Cek Fakta
Menyesatkan: Video Banjir di Nepal Berhenti saat Mobil Seorang Muslim Lewat,Hoax,Tempo Cek Fakta
Menyesatkan: Pesawat Malaysia Ikut Padamkan Kebakaran Hutan Sumatera pada Agustus 2026,Hoax,Tempo Cek Fakta
Keliru: Rekaman Detik-detik Awal Bencana Banjir di Nepal,Hoax,Tempo Cek Fakta
Keliru: Video Masjid Tetap Berdiri Saat Diterjang Banjir Bandang di Nepal,Hoax,Tempo Cek Fakta
Keliru: Batu Shaligram Usia 140 Juta Tahun Ditemukan setelah Banjir di Nepal,Hoax,Tempo Cek Fakta
Keliru: Video Banjir Bandang Menerjang Nepal-Tibet,Hoax,Tempo Cek Fakta
Keliru: Video Gubernur Jawa Barat Dedi Mulyadi Bagi-Bagi Hadiah Kuis,Hoax,Tempo Cek Fakta
Keliru: Ahok Menyatakan Bersedia Jadi Ketua KPK Asal Hukuman Mati Koruptor Disahkan,Hoax,Tempo Cek Fakta
"Keliru: Video Kos-kosan Rahasia di Kolong Jalan Tol Bertarif Rp 2,5 Juta",Hoax,Tempo Cek Fakta
Keliru: Banjir di Perbatasan Nepal dan Tibet Dikaitkan dengan Konflik Agama,Hoax,Tempo Cek Fakta
Keliru: Tiga Video Lautan Massa Aksi Demo 27 Agustus di Jakarta Tak Diliput Media,Hoax,Tempo Cek Fakta
Menyesatkan: Pernyataan Koordinator AMPB Sebut RUU Perampasan Aset Sudah Disahkan,Hoax,Tempo Cek Fakta
Menyesatkan: Video Konvoi Motor Jelang Demonstrasi 27 Agustus 2026,Hoax,Tempo Cek Fakta
Keliru: Penemuan Dolar Hasil Korupsi Raja Juli di Lokasi Gempa NTT,Hoax,Tempo Cek Fakta
Keliru: Video Presiden Prabowo Mempromosikan Motor Murah Rp 600 Ribu,Hoax,Tempo Cek Fakta
Menyesatkan: Video Pasukan Baret Merah Amankan Demo 27 Agustus,Hoax,Tempo Cek Fakta
Keliru: Empat Buldoser Diturunkan ke Gedung DPR RI untuk Halau Demonstran di Senayan,Hoax,Tempo Cek Fakta
Keliru: Foto Rekaman Drone Aksi Demonstrasi 27 Agustus 2026 di Jakarta,Hoax,Tempo Cek Fakta
Keliru: Video Supriyono alias Botok Mengumumkan Pembatalan Unjuk Rasa Warga Pati,Hoax,Tempo Cek Fakta
Menyesatkan: Video Massa Berkumpul di Monas untuk Unjuk Rasa 27 Agustus 2026,Hoax,Tempo Cek Fakta
Menyesatkan: Foto Anies Baswedan Ikut Unjuk Rasa BEM UI,Hoax,Tempo Cek Fakta
Menyesatkan: Video Persiapan Warga Pati Unjuk Rasa di Jakarta pada 27 Agustus 2026,Hoax,Tempo Cek Fakta
Menyesatkan: Video Iring-iringan Bus Demonstran dari Berbagai Wilayah Menuju Jakarta,Hoax,Tempo Cek Fakta
Menyesatkan: Video Gubernur Jabar Dedi Mulyadi Bagikan Uang Rp 10 Juta di NTT,Hoax,Tempo Cek Fakta
Menyesatkan: Video Erupsi Gunung Lewotobi Laki-laki Setinggi 10 Km Pascagempa NTT,Hoax,Tempo Cek Fakta
Keliru: Video Remaja 14 Tahun Diadili di Pengadilan AS karena Memalsukan Identitas,Hoax,Tempo Cek Fakta
"Keliru: Tsunami di Mamuju Setelah Gempa Berkekuatan M7,7",Hoax,Tempo Cek Fakta
Keliru: Vaksinasi Bagian dari Agenda Transhumanisme,Hoax,Tempo Cek Fakta
Keliru: Imunisasi HPV Tidak Diperlukan karena Angka Kanker Serviks Diklaim Rendah,Hoax,Tempo Cek Fakta
Keliru: Vaksin Dengue Berbasis mRNA Mengandung Cip dan Dapat Mengubah DNA,Hoax,Tempo Cek Fakta
Keliru: Video Rumah Ambruk Akibat Gempa di NTT,Hoax,Tempo Cek Fakta
Menyesatkan: Erupsi Gunung Ibu dan Gempa Besar di NTT Saling Terkait,Hoax,Tempo Cek Fakta
Keliru: Video Tentara Amerika Masuk Wilayah Iran,Hoax,Tempo Cek Fakta
Keliru: Fenomena Langit Merah di NTT setelah Gempa Bumi,Hoax,Tempo Cek Fakta
Keliru: Video Warga NTT Menyaksikan Gelombang Tsunami dari Bukit,Hoax,Tempo Cek Fakta
Keliru: Puluhan Tentara Israel Ditangkap Iran di Selat Hormuz,Hoax,Tempo Cek Fakta
"Keliru: Video Tsunami di NTT Setelah Gempa M 7,7",Hoax,Tempo Cek Fakta
Keliru: Populasi LGBT Diperbanyak untuk Memperluas Pasar Obat ARV,Hoax,Tempo Cek Fakta
Menyesatkan: Prabowo Terima Pinjaman Asing untuk Biayai MBG dan KDMP,Hoax,Tempo Cek Fakta
Menyesatkan: Konten Bendera Merah Putih Robek di Monas Jelang HUT ke-81 RI,Hoax,Tempo Cek Fakta
Keliru: Foto-foto Kecelakaan Pesawat Jemaah Umrah,Hoax,Tempo Cek Fakta
Keliru: Rektor Universitas Gadjah Mada Ditangkap karena Ijazah Palsu Jokowi,Hoax,Tempo Cek Fakta
Menyesatkan: Konten Demonstrasi Mahasiswa Bulan Agustus 2026 di Meta,Hoax,Tempo Cek Fakta
Keliru: Rektor UGM Mundur Setelah Akui Ijazah Palsu Jokowi,Hoax,Tempo Cek Fakta
Menyesatkan: Amerika Serikat Darurat Pangan karena Tak Memiliki Food Estate,Hoax,Tempo Cek Fakta
Menyesatkan: Ramuan Ketumbar Menyembuhkan Sakit Jantung tanpa Obat,Hoax,Tempo Cek Fakta
Keliru: Pemerintah Resmi Hapus Bansos dan BPJS Demi Biayai MBG,Hoax,Tempo Cek Fakta
Menyesatkan: Video Penggusuran Lahan untuk Koperasi Desa Merah Putih,Hoax,Tempo Cek Fakta
Menyesatkan: Video Penggerebekan Markas Pendengung yang Menyerang MBG,Hoax,Tempo Cek Fakta
Keliru: Menag Nasaruddin Umar Sebut Korupsi Boleh asal Sesuai Syariat,Hoax,Tempo Cek Fakta
Menyesatkan: Rekaman CCTV Pencuri Ayam sebelum Diamuk Massa,Hoax,Tempo Cek Fakta
Keliru: Penemuan Candi Layang Peninggalan Mataram Kuno di Jawa Tengah,Hoax,Tempo Cek Fakta
Keliru: Mahfud MD Tawarkan Bantuan Uang Tunai,Hoax,Tempo Cek Fakta
Keliru: Vaksin Modern Membuat Sel Normal jadi Pabrik Antibodi,Hoax,Tempo Cek Fakta
Menyesatkan: Ibu di Indramayu Sewa Pembunuh untuk Habisi Anaknya karena LGBT,Hoax,Tempo Cek Fakta
Keliru: Warga bakar SPBU sebagai Protes Aturan Baru Isi BBM,Hoax,Tempo Cek Fakta
Keliru: LGBT Penyebab Lonjakan Kasus HIV/AIDS,Hoax,Tempo Cek Fakta
Keliru: Presiden Prabowo Lantik Mahfud MD sebagai Jaksa Agung,Hoax,Tempo Cek Fakta
Keliru: Video Empat Pemerkosa Digantung di India,Hoax,Tempo Cek Fakta
Keliru: Foto Pasien HPV Dikaitkan dengan LGBTQ,Hoax,Tempo Cek Fakta
Keliru: Tautan Aktivasi Pinjaman Kredit Digital Paylater,Hoax,Tempo Cek Fakta
Keliru: Foto-foto Gubernur BI Memukul Najwa Shihab di Studio TV,Hoax,Tempo Cek Fakta
Keliru: Nasi Dihangatkan 6 Jam Lebih Memicu Kanker dan Diabetes,Hoax,Tempo Cek Fakta
Keliru: Ustaz Nasihin Beri Bantuan Uang lewat WhatsApp,Hoax,Tempo Cek Fakta
Keliru: Nagita Slavina dan Rans Entertainment Tawarkan Bantuan Rp 50 Juta,Hoax,Tempo Cek Fakta
Menyesatkan: Foto SBY Dirawat di Rumah Sakit Awal Juli 2026,Hoax,Tempo Cek Fakta
Menyesatkan: Video Letusan Anak Krakatau yang Direkam di Atas Kapal,Hoax,Tempo Cek Fakta
Menyesatkan: Video Pendeta Hindu India Jatuh dari Tebing demi Buktikan Bisa Terbang,Hoax,Tempo Cek Fakta
Menyesatkan: FIFA Ubah Pertandingan Iran-Mesir Jadi Perayaan LGBTQ,Hoax,Tempo Cek Fakta
Keliru: Laser Merah Sinari Venezuela Sebelum Gempa Beruntun 24 Juni 2026,Hoax,Tempo Cek Fakta
Keliru: Video Tsunami di Pesisir Gunungkidul Juli 2026,Hoax,Tempo Cek Fakta
Keliru: Tautan Pendaftaran Dana Kesejahteraan Pensiunan 2026,Hoax,Tempo Cek Fakta
Keliru: Video Gedung Roboh akibat Gempa Venezuela,Hoax,Tempo Cek Fakta
Menyesatkan: Video Lampu Lalu Lintas Meleleh karena Panas Ekstrem di Eropa,Hoax,Tempo Cek Fakta
Keliru: Klaim Pemadaman Listrik Bertujuan Mengembangkan Bakteri Vaksin,Hoax,Tempo Cek Fakta
Keliru: Gunung Api Bawah Laut di Amerika dan Jepang akan Meletus Bersamaan,Hoax,Tempo Cek Fakta
Sebagian Benar: Roy Suryo cs Dibebaskan dalam Kasus Ijazah Jokowi,Hoax,Tempo Cek Fakta
Keliru: Virus Hanta sebagai Alat Kontrol Elite Global dan Kedok untuk Bisnis,Hoax,Tempo Cek Fakta
Keliru: LGBTQ adalah Agenda Depopulasi Elit Global,Hoax,Tempo Cek Fakta
Keliru: Video Raffi Ahmad Bagi-Bagi Modal Usaha Rp50 Juta,Hoax,Tempo Cek Fakta
Keliru: Tautan Pendaftaran Program Digitalisasi Bansos 2026,Hoax,Tempo Cek Fakta
Sebagian Benar: Video Penonton Menerobos Lapangan demi Kibarkan Bendera Palestina saat Piala Dunia 2026,Hoax,Tempo Cek Fakta
Keliru: Video Perwira Iran Hancurkan Fasilitas Milik Israel,Hoax,Tempo Cek Fakta
Keliru: Video Pendaki Jatuh di Tebing Gunung Rinjani,Hoax,Tempo Cek Fakta
Menyesatkan: Pertamina Akan Hapus Pertalite Pada 2027,Hoax,Tempo Cek Fakta
Keliru: Pigai Menolak Dukung Iran karena Israel Memiliki Kedaulatan Sejati,Hoax,Tempo Cek Fakta
Keliru: Ramuan Mentimun hingga Air Kelapa Bisa Mencegah Kerusakan Ginjal,Hoax,Tempo Cek Fakta
Keliru: Poster PLN Umumkan Pemadaman Listrik Serentak Jawa-Bali pada 22-24 Juni 2026,Hoax,Tempo Cek Fakta
Keliru: Klaim Video Parade Militer Iran Bersiap Lawan Israel-AS,Hoax,Tempo Cek Fakta
Keliru: Video Suporter Aljazair Teriakkan Ujaran Kebencian ke Messi,Hoax,Tempo Cek Fakta
Keliru: Tautan Pendaftaran Petani Milenial 2026,Hoax,Tempo Cek Fakta
Keliru: Menteri ESDM Bahlil Lahadalia Turunkan Harga Pertamax Jadi Rp 10.500,Hoax,Tempo Cek Fakta
Menyesatkan: Warna Ikon Profil WhatsApp Menandakan Status Blokir,Hoax,Tempo Cek Fakta
Keliru: Tautan Pendaftaran Bantuan Benih Ikan Dinas Perikanan dan KKP,Hoax,Tempo Cek Fakta
Keliru: Tautan Pendaftaran Bantuan Alat Pertanian APBN 2026,Hoax,Tempo Cek Fakta
Keliru: Presiden Prabowo Setop Makan Bergizi Gratis pada Juni 2026,Hoax,Tempo Cek Fakta
Menyesatkan: Narasi Indonesia Kendalikan Harga Beras Dunia,Hoax,Tempo Cek Fakta
Keliru: Pemadaman Listrik Selama 9 Hari Mulai 18 Juli,Hoax,Tempo Cek Fakta
Menyesatkan: Ekspor Satu Pintu Efektif Melawan Oligarki Internasional Singapura,Hoax,Tempo Cek Fakta
Keliru: Uang Rupiah Baru Bergambar Prabowo-Gibran yang Diperkenalkan Juni 2026,Hoax,Tempo Cek Fakta
Keliru: Pendaftaran Voucher BBM Gratis 2026 Melalui DM,Hoax,Tempo Cek Fakta
Menyesatkan: Rupiah Harus Melemah agar Indonesia Maju,Hoax,Tempo Cek Fakta
Menyesatkan: Kemarau Panjang Tak Akan Ganggu Stok Beras Indonesia,Hoax,Tempo Cek Fakta
Sebagian Benar: Air Rebusan Daun Kumis Kucing dan Keji Beling Bisa Meluruhkan Batu Ginjal,Hoax,Tempo Cek Fakta
Menyesatkan: Diabetes Tipe 1 Dan 2 Bisa Sembuh Tanpa Obat,Hoax,Tempo Cek Fakta
"Keliru: Ramuan Biji Mangga, Kalonji, dan Lada Menyembuhkan Batu Ginjal",Hoax,Tempo Cek Fakta
Keliru: Video Petani Thailand Demonstrasi Setelah Indonesia Swasembada Beras,Hoax,Tempo Cek Fakta
Menyesatkan: Blackout Sumatera Direkayasa Untuk Memuluskan Penyelundupan Bahan Baku Nuklir di Kepri,Hoax,Tempo Cek Fakta
Keliru: Indonesia Jual Beras ke Malaysia Rp 10.000,Hoax,Tempo Cek Fakta
Keliru: Indonesia Meninggalkan US$ untuk Memperkuat Rupiah,Hoax,Tempo Cek Fakta
Keliru: Foto Presiden Suriah Lepas Sepatu Saat Bertemu Trump,Hoax,Tempo Cek Fakta
Keliru: Klaim Komnas HAM dan Natalius Pigai Desak Iran Tinggalkan Selat Hormuz,Hoax,Tempo Cek Fakta
Keliru: Rupiah Sengaja Dilemahkan oleh Bank Indonesia,Hoax,Tempo Cek Fakta
Menyesatkan: Klaim Pijat Jari Sembuhkan Penyakit Tanpa Obat,Hoax,Tempo Cek Fakta
Keliru: Ramuan Pemutih Gigi dalam 2 Menit,Hoax,Tempo Cek Fakta
Menyesatkan: Virus Hanta Tidak Menular AntarManusia dan Vaksinnya telah Dipatenkan Sejak 2022,Hoax,Tempo Cek Fakta
Keliru: Episode The Simpsons Memprediksi Infeksi Virus Hanta,Hoax,Tempo Cek Fakta
Menyesatkan: Pandemi Virus Hanta 2026 Telah Diprediksi Sejak 2022,Hoax,Tempo Cek Fakta
Keliru: Klaim Virus Hanta sebagai Senjata Biologis AS dalam Film The X-Files,Hoax,Tempo Cek Fakta
Keliru: Klaim Virus Hanta adalah Konspirasi Seperti Covid-19,Hoax,Tempo Cek Fakta
Keliru: Virus Hanta Jenis Andes adalah Virus yang Baru Ditebar,Hoax,Tempo Cek Fakta
Menyesatkan: Virus Hanta Hanya Pengalihan Kasus Pornografi Kru Disney,Hoax,Tempo Cek Fakta
Menyesatkan: Klaim Moderna Siapkan Vaksin Sejak 2023 demi Rekayasa Virus Hanta,Hoax,Tempo Cek Fakta
Keliru: Virus Hanta telah Direncanakan dan Tertulis dalam Epstein Files,Hoax,Tempo Cek Fakta
Keliru: Klaim WHO Sebut Virus Hanta untuk Promosikan Vaksin Massal Anak,Hoax,Tempo Cek Fakta
Keliru: Istilah Virus Hanta Berasal dari Bahasa Ibrani yang Berarti Pembohong,Hoax,Tempo Cek Fakta
Keliru: Virus Hanta adalah Pandemi COVID-19 Jilid II,Hoax,Tempo Cek Fakta
Keliru: Virus Hanta adalah Proyek Organisasi Kesehatan dan Perusahaan Farmasi,Hoax,Tempo Cek Fakta
Keliru: Video Rekayasa Protokol Penanganan Pasien Virus Hanta,Hoax,Tempo Cek Fakta
Menyesatkan: Video Rekayasa Virus Hanta di Kapal Pesiar MV Hondius,Hoax,Tempo Cek Fakta
Keliru: Wabah Virus Besar Terjadi Setiap Enam Tahun,Hoax,Tempo Cek Fakta
Keliru: Virus Hanta Bagian Dari Agenda PBB 2030,Hoax,Tempo Cek Fakta
Keliru: Video Rekayasa Penanganan Pasien Virus Hanta,Hoax,Tempo Cek Fakta
Keliru: Dokumen Penolakan Warga Palestina Masuk Indonesia dari Imigrasi,Hoax,Tempo Cek Fakta
Keliru: Klaim Cypri Dale Akui Film Pesta Babi Didanai Asing,Hoax,Tempo Cek Fakta
Keliru: Virus Hanta Bagian dari Agenda Great Reset 2030,Hoax,Tempo Cek Fakta
Menyesatkan: Singapura Tantang Indonesia Perang Setelah Batalkan Pesanan BBM,Hoax,Tempo Cek Fakta
Keliru: Tautan Bagi-Bagi Saldo DANA 500 Ribu Rupiah,Hoax,Tempo Cek Fakta
Keliru: Prabowo Segel Selat Malaka dan Memicu Kemarahan Anwar Ibrahim,Hoax,Tempo Cek Fakta
Keliru: Pengumuman BSI Matikan Sistem pada 13-17 Mei 2026,Hoax,Tempo Cek Fakta
Menyesatkan: Video Perang Indonesia Melawan Israel,Hoax,Tempo Cek Fakta
Keliru: Narasi Agenda Nonton Bareng Film Pesta Babi Hanya Hoaks,Hoax,Tempo Cek Fakta
Menyesatkan: Klaim Hujan Deras Iran Akibat Penghancuran Radar Amerika dan Israel,Hoax,Tempo Cek Fakta
Keliru: Kim Jong Un Kirim Lima Kapal Perang Bersenjata Nuklir ke Iran,Hoax,Tempo Cek Fakta
Keliru: Buah Persik Bisa Menyembuhkan Kebutaan,Hoax,Tempo Cek Fakta
Keliru: Video Iran Tampilkan Tentara Israel yang Ditawan,Hoax,Tempo Cek Fakta
Sebagian Benar: Video Bom Sejjil Iran Menembus Bunker IDF,Hoax,Tempo Cek Fakta
Keliru: Video Turki Pamerkan Rudal Berdaya Jangkau 5.500 Kilometer,Hoax,Tempo Cek Fakta
Menyesatkan: Menag Minta Warga Setor Dana Kurban ke Baznas,Hoax,Tempo Cek Fakta
"Keliru: Prabowo Diundang Jembatani Dialog Iran, Amerika, dan Israel",Hoax,Tempo Cek Fakta
Menyesatkan: Gurun Pasir Iran Banjir Akibat Hancurnya Radar AS,Hoax,Tempo Cek Fakta
Sebagian Benar: Konsumsi Garam Menghilangkan Migrain,Hoax,Tempo Cek Fakta
Keliru: Putin Sindir Negara Muslim yang Tak Bela Iran dan Palestina,Hoax,Tempo Cek Fakta
Keliru: Tes PCR Disebut Penipuan untuk Menciptakan Ilusi Virus,Hoax,Tempo Cek Fakta
"Keliru: Jahe, Kunyit, Kencur, dan Serai Bersihkan Paru-paru dari Asap Rokok",Hoax,Tempo Cek Fakta
KELIRU: Video Ratusan Kapal Perang Prancis untuk Buka Selat Hormuz,Hoax,Tempo Cek Fakta
Keliru: Menteri Agama Kecewa Masyarakat Tak Dukung Dana Rp 1.000 Triliun,Hoax,Tempo Cek Fakta
Keliru: Jusuf Kalla Wafat Setelah Empat Hari Dirawat,Hoax,Tempo Cek Fakta
Menyesatkan: Video-video Gempa dan Tsunami Jepang 20 April 2026,Hoax,Tempo Cek Fakta
Menyesatkan: Lele Pemicu Lonjakan Gagal Ginjal Kronis,Hoax,Tempo Cek Fakta
Keliru: Industri Vaksin Sengaja Membuat Anak Sakit demi Keuntungan,Hoax,Tempo Cek Fakta
Keliru: Video Ribuan Warga Israel Eksodus Setelah Negosiasi AS-Iran Gagal Tercapai,Hoax,Tempo Cek Fakta
Menyesatkan: Iran dan Amerika Bekerja Sama Merekayasa Perang demi Minyak,Hoax,Tempo Cek Fakta
Sebagian Benar: Foto Raja Salman sebagai Relawan Membela Palestina,Hoax,Tempo Cek Fakta
Keliru: Tentara AS Ditawan Militer Iran,Hoax,Tempo Cek Fakta
Keliru: Kode Token untuk Listrik Gratis Tiga Bulan,Hoax,Tempo Cek Fakta
Menyesatkan: Presiden Pakistan Robek Dokumen PBB karena Dilarang Mengembangkan Senjata Nuklir,Hoax,Tempo Cek Fakta
Menyesatkan: Ramuan Serai dan Kapur Sirih Bisa Hilangkan Benjolan di Tubuh,Hoax,Tempo Cek Fakta
Keliru: Brunei Darussalam Putuskan Hubungan Diplomatik dengan Israel,Hoax,Tempo Cek Fakta
Menyesatkan: Utang Kereta Cepat Whoosh Lunas dalam Dua Bulan,Hoax,Tempo Cek Fakta
Keliru: Indonesia Peringkat 5 Populasi LGBT di Dunia Menurut Data CIA,Hoax,Tempo Cek Fakta
Keliru: Foto Pilot F-15 yang Berhasil Diselamatkan AS,Hoax,Tempo Cek Fakta
Keliru: Ponsel Tiba-Tiba Panas dan Boros Baterai Tanda Ada Penyadapan,Hoax,Tempo Cek Fakta
Keliru: Video Penyerangan PM Israel Benjamin Netanyahu oleh Anggota Parlemen,Hoax,Tempo Cek Fakta
Keliru: Pengusaha Indonesia Berdonasi Ratusan Triliun Rupiah untuk Iran,Hoax,Tempo Cek Fakta
Keliru: Video Trump Minta Damai Setelah Iran Hancurkan Haifa dan Tel Aviv,Hoax,Tempo Cek Fakta
Keliru: Penangkapan Pilot Jet Tempur AS oleh Militer Iran,Hoax,Tempo Cek Fakta
Keliru: Video Perang AS-Israel dan Iran Terjadi di Darat,Hoax,Tempo Cek Fakta
Keliru: Donald Trump Singgung Sunni dan Syiah di Indonesia terkait Dukungan ke Iran,Hoax,Tempo Cek Fakta
Menyesatkan: Prabowo Deklarasikan Gabung Iran Lawan Israel,Hoax,Tempo Cek Fakta
Keliru: Surat Keputusan Perubahan Pemilu di Kerajaan Banjar,Hoax,Tempo Cek Fakta
Keliru: Video Tentara Amerika Tiba di Perbatasan Pakistan-Iran,Hoax,Tempo Cek Fakta
Keliru: Video Pilot Jet Tempur Amerika F-15 Ditawan oleh Iran,Hoax,Tempo Cek Fakta
Keliru: Presiden Donald Trump Telah Dilengserkan Akhir Maret 2026,Hoax,Tempo Cek Fakta
Menyesatkan: Meteor Jatuh di Lampung Timur,Hoax,Tempo Cek Fakta
Sebagian Benar: Obat Warung sebagai Pertolongan Pertama Tanpa Perlu ke Rumah Sakit,Hoax,Tempo Cek Fakta
Keliru: Video 4 Ribu Tentara AS Tewas di Bandara Ben Gurion,Hoax,Tempo Cek Fakta
Keliru: Suara.com Beritakan Pernyataan Anies Gulingkan Prabowo,Hoax,Tempo Cek Fakta
Keliru: Ekonomi Indonesia Tumbuh 8 Persen di Tengah Perang Berkat MBG,Hoax,Tempo Cek Fakta
Keliru: Video Kapal Membuang Sampah di Laut Indonesia,Hoax,Tempo Cek Fakta
Sebagian Benar: Indonesia Negara Pertama yang Melarang Media Sosial bagi Anak,Hoax,Tempo Cek Fakta
Menyesatkan: PM Jepang akan Bantu Israel-AS Menyerang Iran,Hoax,Tempo Cek Fakta
Sebagian Benar: Amerika Serikat Kirim Ribuan Marinir ke Selat Hormuz,Hoax,Tempo Cek Fakta
Keliru: Foto-foto Upacara Pemakaman Benjamin Netanyahu,Hoax,Tempo Cek Fakta
Keliru: Aturan Baru Tarik Tunai di ATM Bagi Lansia Per 1 April 2026,Hoax,Tempo Cek Fakta
Menyesatkan: Video Kapal Pakistan Diserang Iran di Selat Hormuz,Hoax,Tempo Cek Fakta
Keliru: Al Jazeera Tayangkan Berita Kematian Benjamin Netanyahu,Hoax,Tempo Cek Fakta
Keliru: Video Turki Mengerahkan Ribuan Helikopter ke Iran,Hoax,Tempo Cek Fakta
Menyesatkan: Video Kondisi Pengungsi Israel setelah Serangan Iran,Hoax,Tempo Cek Fakta
Keliru: Video Trump Mengumumkan Netanyahu Tewas,Hoax,Tempo Cek Fakta
Keliru: Menteri Agama Nasaruddin Umar Mengumumkan Dana Hibah Rp 1 Miliar,Hoax,Tempo Cek Fakta
Menyesatkan: Mencium Kucing Berisiko Terinfeksi Bakteri di Otak,Hoax,Tempo Cek Fakta
Keliru: Kedutaan Korea Utara di Teheran Kena Serangan Rudal,Hoax,Tempo Cek Fakta
"Keliru: Tautan Bantuan Sosial 2026 Kemensos Sebesar Rp1,5 Juta",Hoax,Tempo Cek Fakta
Keliru: Tautan Pencairan Saldo Pengguna DANA Premium,Hoax,Tempo Cek Fakta
Keliru: Tentara AS Takut dengan Serangan Balasan Iran,Hoax,Tempo Cek Fakta
Keliru: Kapal Induk AS Diserang Tawon saat Melawan Iran,Hoax,Tempo Cek Fakta
Menyesatkan: Kebakaran Hotel Dekat Masjidil Haram karena Perang Iran-Israel,Hoax,Tempo Cek Fakta
Keliru: Harga BBM Mengalami Penyesuaian Per 9 Maret 2026,Hoax,Tempo Cek Fakta
Keliru: Foto Tentara Israel-Amerika Telah Menduduki Iran,Hoax,Tempo Cek Fakta
Keliru: Kim Jong Un Menangis di Depan Jasad Ali Khamenei,Hoax,Tempo Cek Fakta
Keliru: Video Iran Gunakan Bom Nuklir Meledakkan Israel,Hoax,Tempo Cek Fakta
Menyesatkan: Video Rudal Balistik Iran Meledakkan Bandara Israel,Hoax,Tempo Cek Fakta
Keliru: Cina Kirim Bantuan Peralatan Tempur ke Iran,Hoax,Tempo Cek Fakta
Menyesatkan: Klaim Tak Ada Kapal Pertamina Tertahan di Selat Hormuz,Hoax,Tempo Cek Fakta
Keliru: Foto-foto Pasukan Elite Amerika Serikat Delta Force Ditangkap Iran,Hoax,Tempo Cek Fakta
Keliru: Iran Menyatakan Menyerah terhadap Israel-Amerika Serikat,Hoax,Tempo Cek Fakta
Keliru: Foto Satelit Lukisan Pesawat Tempur Iran untuk Menipu Israel dan Amerika,Hoax,Tempo Cek Fakta
Keliru: Foto Warga Indonesia M. Hasbi Alkhairi Jadi Teknisi Rudal Iran,Hoax,Tempo Cek Fakta
Keliru: Video Rudal Iran Hancurkan Gedung Pencakar Langit Israel,Hoax,Tempo Cek Fakta
Keliru: Video Meledaknya Kapal Induk AS,Hoax,Tempo Cek Fakta
Keliru: Video Pengerahan Rudal Fattah-2 dalam Operasi True Promise 4 Iran,Hoax,Tempo Cek Fakta
Keliru: Pesawat Pembom Amerika B-2 Dijatuhkan Iran,Hoax,Tempo Cek Fakta
Keliru: Video Rudal Iran Mengejar Jet Tempur AS Hingga Meledak,Hoax,Tempo Cek Fakta
Keliru: Video Pesawat di Bandara Dubai Terbakar akibat Serangan Iran,Hoax,Tempo Cek Fakta
Keliru: Foto Kota di Israel Rata dengan Tanah Akibat Serangan Iran,Hoax,Tempo Cek Fakta
Keliru: Dubes Iran Boroujerdi Minta Prabowo Urus Rakyatnya Sendiri,Hoax,Tempo Cek Fakta
Keliru: Jurnalis CNN Diana Valencia Ditahan Polisi setelah Meliput MBG,Hoax,Tempo Cek Fakta
Keliru: Obat dan Vaksin Kanker Ditemukan Setelah Amerika Keluar dari WHO,Hoax,Tempo Cek Fakta
Keliru: Pidato Donald Trump Terhenti Akibat Teriakan Takbir,Hoax,Tempo Cek Fakta
Keliru: Epstein Files Ungkap McDonald’s Menggunakan Daging Manusia,Hoax,Tempo Cek Fakta
Menyesatkan: Tiga Presiden Penolak Vaksin Covid-19 Meninggal Misterius,Hoax,Tempo Cek Fakta
Keliru: Prabowo Subianto Resmikan Dana Pinjaman KUR BRI Tanpa Jaminan,Hoax,Tempo Cek Fakta
"Keliru: Tautan Pendaftaran Bansos di Dalam KTP Senilai Rp 2,5 Juta",Hoax,Tempo Cek Fakta
Keliru: Klaim Pandemi Covid-19 Tidak Pernah Terjadi,Hoax,Tempo Cek Fakta
Keliru: Epstein Files Ungkap Joe Biden Meninggal Tahun 2019,Hoax,Tempo Cek Fakta
Keliru: Video Menteri Keuangan Purbaya Minta Pengesahan RUU Perampasan Aset,Hoax,Tempo Cek Fakta
Keliru: Video Serangan TNI Menyebabkan 170 Tentara Israel Tewas,Hoax,Tempo Cek Fakta
Keliru: Arti Nama Vaksin AstraZeneca adalah Jalan Menuju Kematian,Hoax,Tempo Cek Fakta
Keliru: Uang Logam Rupiah Bernilai Ratusan Juta Rupiah,Hoax,Tempo Cek Fakta
Keliru: OJK Resmikan Program Pelunasan Pinjol Gagal Bayar Tahun 2026,Hoax,Tempo Cek Fakta
Keliru: Video Prabowo Keluarkan UU Hukuman Mati Bagi Koruptor,Hoax,Tempo Cek Fakta
Keliru: Konten Pembuatan Sosis dan Hamburger dari Daging Manusia,Hoax,Tempo Cek Fakta
Keliru: Video Kedatangan PBB untuk Meresmikan IKN,Hoax,Tempo Cek Fakta
Keliru: Klaim Seorang Pria Memilih Dipenjara daripada Mengembalikan Uang Salah Transfer Rp 17 Miliar,Hoax,Tempo Cek Fakta
Keliru: Video Perencanaan Pandemi Covid-19 dari Epstein Files,Hoax,Tempo Cek Fakta
Menyesatkan: Epstein Files Ungkap Bill Gates Rencanakan Pandemi Covid-19 Sejak 2017,Hoax,Tempo Cek Fakta
Keliru: Video Vladimir Putin Ancam Israel dan Tolak Board of Peace Setelah Bertemu Palestina,Hoax,Tempo Cek Fakta
Keliru: Mata Uang Malaysia Ditolak di Luar Negeri Saat Rupiah Menguat,Hoax,Tempo Cek Fakta
Keliru: Foto-Foto Kanibalisme di Epstein Files,Hoax,Tempo Cek Fakta
Keliru: Jokowi Berziarah ke Kuil Tirumala di India,Hoax,Tempo Cek Fakta
Keliru: Video Pemerintah Bagikan Bantuan Melalui Situs Judi Gacor25,Hoax,Tempo Cek Fakta
Keliru: Video Pembuatan Telur Palsu yang Dipasarkan sebagai Telur Asli,Hoax,Tempo Cek Fakta
Sebagian Benar: Berkumur Secara Rutin Bisa Mencegah ISPA,Hoax,Tempo Cek Fakta
Keliru: Video Menteri Keuangan Purbaya Bagikan Bansos untuk UMKM,Hoax,Tempo Cek Fakta
Menyesatkan: Klaim Daftar Barang Rumah Tangga yang dapat Sebabkan Kanker,Hoax,Tempo Cek Fakta
Keliru: Klaim Jaringan Listrik dan ATM Mati Serentak pada 20-27 Februari 2026,Hoax,Tempo Cek Fakta
Menyesatkan: Tiga Perempuan Ditahan karena Memperkosa Pria,Hoax,Tempo Cek Fakta
Keliru: Presiden Iran Tewas karena Ledakan Bom pada Januari 2026,Hoax,Tempo Cek Fakta
Keliru: Mandi Pada Waktu Tertentu Bisa Sebabkan Penyakit,Hoax,Tempo Cek Fakta
Keliru: Tautan Pendaftaran Undian Berhadiah Bank BPD Jateng 2026,Hoax,Tempo Cek Fakta
Menyesatkan: Foto Reza Arap Ditangkap Polisi Atas Kematian Lula Lahfah,Hoax,Tempo Cek Fakta
Keliru: Bagian Kepala hingga Kaki Ayam Tidak Boleh Dikonsumsi,Hoax,Tempo Cek Fakta
Menyesatkan: Amerika Serikat Ingin Menghapus Sertifikat Halal di Indonesia,Hoax,Tempo Cek Fakta
Keliru: Bumi Kehilangan Gravitasi Selama 7 Detik pada 12 Agustus 2026,Hoax,Tempo Cek Fakta
Keliru: Modifikasi Cuaca 2026 Sebarkan Racun Chemtrail,Hoax,Tempo Cek Fakta
Menyesatkan: Menghilangkan Nyeri Gigi Berlubang dengan Bubuk Cengkeh Bakar,Hoax,Tempo Cek Fakta
Keliru: Foto Pasukan Inggris yang Diterjunkan Ke Iran 2026,Hoax,Tempo Cek Fakta
Keliru: AS Batal Serang Iran karena Ada 20 Ribu Personel TNI di Timur Tengah,Hoax,Tempo Cek Fakta
Keliru: Konvoi Kapal Perang Eropa untuk Amankan Greenland dari Serangan AS,Hoax,Tempo Cek Fakta
Keliru: Pemadaman Internet di Iran karena Serangan Siber dari Elite Global,Hoax,Tempo Cek Fakta
Menyesatkan: World Bank Menyatakan Indonesia Negara Termiskin Kedua di Dunia pada 2025,Hoax,Tempo Cek Fakta
Keliru: Narasi Tidak Ada Demonstran Anti Pemerintah yang Tewas di Iran,Hoax,Tempo Cek Fakta
Keliru: PBB akan Memindahkan Kantornya ke Indonesia,Hoax,Tempo Cek Fakta
Keliru: Video Manusia Berbadan Kuda di Tengah Hutan Kalimantan,Hoax,Tempo Cek Fakta
Sebagian Benar: Foto-foto Pesawat Hilang 28 Tahun dan Ditemukan oleh Pencari Burung Walet,Hoax,Tempo Cek Fakta
Keliru: Foto Korban Pesawat ATR 42-500 yang Ditemukan Selamat,Hoax,Tempo Cek Fakta
Keliru: Donald Trump Berencana Memindahkan 1 Juta Warga Israel ke Papua,Hoax,Tempo Cek Fakta
Keliru: Tautan Pendaftaran CPNS Tahun 2026,Hoax,Tempo Cek Fakta
Menyesatkan: Meletakkan Es Batu di Sela Jari Menyembuhkan Sakit Kepala,Hoax,Tempo Cek Fakta
Keliru: Garuda Indonesia Angkat Khairun Nisa Menjadi Pramugari,Hoax,Tempo Cek Fakta
Menyesatkan: NASA Tak Lagi Meneliti Laut Sejak 1978,Hoax,Tempo Cek Fakta
Keliru: Badai Tornado Berkecepatan 195 Km Melanda Sidoarjo 10 Januari 2026,Hoax,Tempo Cek Fakta
Keliru: Video Jutaan Rakyat Berbaju Hitam Mendukung Rezim Iran,Hoax,Tempo Cek Fakta
Menyesatkan: Nadiem Makarim Setor Uang Rp 450 T ke Jokowi,Hoax,Tempo Cek Fakta
Keliru: Video Aksi Membawa Bendera Israel di Surabaya,Hoax,Tempo Cek Fakta
Keliru: Laut Natuna Utara Jadi Jaminan Utang Kereta Cepat Whoosh,Hoax,Tempo Cek Fakta
Menyesatkan: Video Erupsi Gunung Semeru Disertai Ledakan Api,Hoax,Tempo Cek Fakta
"Belum Ada Bukti: Campuran Daun Pegagan, Sirih, dan Kunyit Menyembuhkan Lumpuh Sebelah",Hoax,Tempo Cek Fakta
Keliru: Tsunami Aceh 2004 Bagian dari Uji Coba Nuklir Amerika Serikat,Hoax,Tempo Cek Fakta
Menyesatkan: Video Pria yang Ditangkap karena Mencuri Susu untuk Anaknya,Hoax,Tempo Cek Fakta
Keliru: Video Warga Venezuela Turun ke Jalan Merayakan Penangkapan Presiden Maduro,Hoax,Tempo Cek Fakta
Keliru: Virus Superflu Lebih Parah daripada Covid-19,Hoax,Tempo Cek Fakta
Keliru: Video Menteri Keuangan Purbaya Bagi-bagi Uang Rp50 Juta,Hoax,Tempo Cek Fakta
Keliru: Foto Presiden Venezuela Berbaju Loreng dan Diborgol,Hoax,Tempo Cek Fakta
Keliru: Video Tangis Haru Warga Venezuela Usai Presiden Maduro Ditangkap,Hoax,Tempo Cek Fakta
Keliru: Foto Presiden Venezuela Nicolas Maduro di Dalam Pesawat Militer AS,Hoax,Tempo Cek Fakta
Keliru: Video Saat Pesawat Tempur Amerika Serang Venezuela,Hoax,Tempo Cek Fakta
Keliru: Salju Turun di Indonesia pada 18 Januari 2026,Hoax,Tempo Cek Fakta
Keliru: Foto Penangkapan Presiden Venezuela yang Berjaket Putih dengan Bercak Darah,Hoax,Tempo Cek Fakta
Keliru: Foto Penangkapan Presiden Venezuela Nicolas Maduro,Hoax,Tempo Cek Fakta
Keliru: Tempo Beritakan Warga Aceh Melempari Tambang Ilegal Milik Cina,Hoax,Tempo Cek Fakta
Keliru: Mahfud MD Membagikan Uang Sitaan Korupsi untuk Modal Usaha,Hoax,Tempo Cek Fakta
Keliru: Foto Jenazah Kakak-Adik Berpelukan Tertimbun Lumpur Banjir di Padang Pariaman,Hoax,Tempo Cek Fakta
Menyesatkan: Seorang Ibu di Kalimantan Ditangkap karena Mencuri Seekor Ikan,Hoax,Tempo Cek Fakta
Keliru: Video Hotman Paris Merekomendasikan Situs Judi Rakyat JP,Hoax,Tempo Cek Fakta
Keliru: Video Rumah 3 Lantai Hanyut dalam Kondisi Utuh di Aceh,Hoax,Tempo Cek Fakta
Keliru: PBB Tetapkan Banjir Bandang Sumatera Sebagai Bencana Internasional,Hoax,Tempo Cek Fakta
Menyesatkan: Nilai Investasi Asing dan 3 Juta Lapangan Kerja Baru di Indonesia,Hoax,Tempo Cek Fakta
Menyesatkan: Video Hujan Pasir di Balaraja karena Anomali Cuaca,Hoax,Tempo Cek Fakta
Keliru: Video Cristiano Ronaldo Kunjungi dan Kirim Bantuan ke Sumatera 2025,Hoax,Tempo Cek Fakta
Benar: Penyintas Bencana Aceh Kibarkan Bendera Putih Mengharapkan Bantuan Luar Negeri,Hoax,Tempo Cek Fakta
Keliru: Video TNI Desak DPR Bentuk Pansus Usut Penyebab Banjir Sumatera,Hoax,Tempo Cek Fakta
Keliru: Video TNI Menyelidiki Illegal Logging Penyebab Banjir Sumatera,Hoax,Tempo Cek Fakta
Menyesatkan: Video Dedi Mulyadi Mengunjungi Korban Bencana di Aceh dan Padang,Hoax,Tempo Cek Fakta
Keliru: Penemuan Banyak Mayat di Dalam Mobil Setelah Bencana di Aceh Tamiang,Hoax,Tempo Cek Fakta
Keliru: Arang yang Ditumbuk Bisa Memutihkan Gigi Kuning,Hoax,Tempo Cek Fakta
Keliru: Rebusan Daun Kelor dan Air Kelapa Membersihkan Paru-paru dari Asap Rokok,Hoax,Tempo Cek Fakta
Menyesatkan: Video Banjir Rendam Pemukiman di Provinsi Lampung,Hoax,Tempo Cek Fakta
Keliru: Video Masjid Tetap Berdiri Kokoh Meski Diterjang Banjir Sumatera,Hoax,Tempo Cek Fakta
Keliru: Video 11 Negara Kirim Bantuan untuk Korban Banjir Sumatera,Hoax,Tempo Cek Fakta
Keliru: Prabowo akan Mengganti Bantuan Sosial dengan Kebijakan Baru,Hoax,Tempo Cek Fakta
Keliru: Tautan Pendaftaran 500 Ribu Pekerja di Dapur MBG,Hoax,Tempo Cek Fakta
Keliru: Kementerian Agama Bagikan Bantuan untuk Warga Nonmuslim dan Gereja,Hoax,Tempo Cek Fakta
Sebagian Benar: Klaim KKB Minta Susi Pudjiastuti Tarik TNI Non-Organik dari Papua,Hoax,Tempo Cek Fakta
Keliru: Presiden Prabowo Tetapkan Bencana Sumatera Sebagai Bencana Nasional pada 3 Desember 2025,Hoax,Tempo Cek Fakta
Keliru: BMKG Memprediksi Tsunami di Lampung pada 3-9 Desember 2025,Hoax,Tempo Cek Fakta
Keliru: Video Hiu Berenang di Banjir Bandang Sumatera Barat,Hoax,Tempo Cek Fakta
Menyesatkan: Jokowi Kunjungi Lokasi Bencana di Sumatera Barat 2025,Hoax,Tempo Cek Fakta
Keliru: Aceh Dilanda Gempa Berpotensi Tsunami pada 28 November 2025,Hoax,Tempo Cek Fakta
Keliru: Video Israel dan Amerika Serikat Kirim Bantuan ke Sibolga,Hoax,Tempo Cek Fakta
Keliru: Video Harimau Muncul di Tengah Banjir Sumatera,Hoax,Tempo Cek Fakta
Keliru: Tsunami Setelah Banjir Bandang di Pesisir Pidie Jaya,Hoax,Tempo Cek Fakta
Keliru: Medan Dilanda Puting Beliung 9.000 km/jam pada 29 November 2025,Hoax,Tempo Cek Fakta
Keliru: Gunung Berapi di Sumatera Utara Erupsi Bersamaan dengan Bencana Banjir,Hoax,Tempo Cek Fakta
Keliru: Video Penyelamatan Kucing Saat Banjir Sumatera,Hoax,Tempo Cek Fakta
Belum Ada Bukti: Minuman Herbal Bermanfaat untuk Detoksifikasi Darah,Hoax,Tempo Cek Fakta
Keliru: Video Raffi Ahmad Kerja Bareng dengan Situs Mahjong,Hoax,Tempo Cek Fakta
Keliru: Video Warga Papua Usir Imigran Asal Jawa,Hoax,Tempo Cek Fakta
Keliru: BPOM Merazia Minuman Siap Saji karena Berbahaya,Hoax,Tempo Cek Fakta
Keliru: Harga Beras Dunia Anjlok karena Indonesia Swasembada Beras,Hoax,Tempo Cek Fakta
Menyesatkan: Campuran Daun Belimbing Wuluh dan Kulit Manggis Sembuhkan Pembesaran Getah Bening di Leher,Hoax,Tempo Cek Fakta
Keliru: Indonesia Tembakkan Rudal ke Malaysia,Hoax,Tempo Cek Fakta
Keliru: Penolak Gelar Pahlawan Nasional Soeharto adalah Keturunan PKI,Hoax,Tempo Cek Fakta
Menyesatkan: Produk Non-Halal akan Dianggap Ilegal Per 2026,Hoax,Tempo Cek Fakta
Menyesatkan: Malaysia Tidak Punya Pasokan Beras,Hoax,Tempo Cek Fakta
Keliru: Konten Presiden Prabowo Bagikan Bantuan untuk Pelajar,Hoax,Tempo Cek Fakta
Keliru: Tautan Pendaftaran BLT Kesra 2025 Sebesar Rp 900 Ribu,Hoax,Tempo Cek Fakta
Keliru: Foto Jokowi Menunjukkan Ijazah Asli,Hoax,Tempo Cek Fakta
Keliru: Eropa Kacau setelah Indonesia Stop Ekspor Bahan Makanan,Hoax,Tempo Cek Fakta
Menyesatkan: Prabowo Resmi Menampung 2 Ribu Warga Gaza di Pulau Galang,Hoax,Tempo Cek Fakta
Keliru: Indonesia Mengerahkan Militer ke Ambalat untuk Perangi Malaysia,Hoax,Tempo Cek Fakta
Keliru: Video Kapal Pesiar The Grand Aurelian Membuang Sampah ke Laut,Hoax,Tempo Cek Fakta
Keliru: Banyaknya Kasus Keracunan MBG untuk Menjatuhkan Prabowo,Hoax,Tempo Cek Fakta
Keliru: Video Presiden Rusia Vladimir Putin Melepas Pasukan ke Indonesia,Hoax,Tempo Cek Fakta
Menyesatkan: Vaksin PCV Meningkatkan Risiko Penularan Pneumonia dan Kematian,Hoax,Tempo Cek Fakta
Sebagian Benar: Makanan Penyembuh Alami Untuk Sejumlah Penyakit,Hoax,Tempo Cek Fakta
Menyesatkan: Gibran Mengundurkan Diri Sebagai Wapres,Hoax,Tempo Cek Fakta
Keliru: Pernyataan Purbaya soal Siap Ditembak atau Diracun dalam Wawancara,Hoax,Tempo Cek Fakta
Menyesatkan: BPOM Rilis Dua Merek Roti Beracun pada November 2025,Hoax,Tempo Cek Fakta
Keliru: Berita KPK Menyatakan Duit Korupsi Gubernur Riau Mengalir ke Jokowi,Hoax,Tempo Cek Fakta
Keliru: Video Pengesahan Hukuman Mati Bagi Koruptor,Hoax,Tempo Cek Fakta
Sebagian Benar: Meletakkan Es di Tengkuk untuk Meredakan Sakit Kepala,Hoax,Tempo Cek Fakta
Menyesatkan: Video Banjir Rob di Tarakan Disebabkan Gempa Bumi,Hoax,Tempo Cek Fakta
Keliru: Video Pejabat Militer Israel Tanggapi Rencana Indonesia Kirim 20 Ribu Tentara ke Gaza,Hoax,Tempo Cek Fakta
Keliru: BI dan Menteri Keuangan Rilis Desain Uang Redenominasi,Hoax,Tempo Cek Fakta
Keliru: Gubernur Riau Abdul Wahid Kabur dari KPK saat Gempa Melanda Jakarta,Hoax,Tempo Cek Fakta
Sebagian Benar: Kompres Kaki dengan Bawang Merah dan Minyak Kayu Putih Redakan Flu Anak,Hoax,Tempo Cek Fakta
Menyesatkan: Menkeu Purbaya Umumkan Pinjaman Bank Tanpa Bunga,Hoax,Tempo Cek Fakta
Keliru: Foto Bahlil Sambut Ahli Gizi MBG Asal India,Hoax,Tempo Cek Fakta
Keliru: Desi Anwar Promosikan Air Garam untuk Nyeri Sendi,Hoax,Tempo Cek Fakta
Keliru: Video Dedi Mulyadi Bagi-Bagi Uang Ratusan Juta Lewat Tebak Kata Berhadiah,Hoax,Tempo Cek Fakta
Keliru: Tautan Pengurusan Sertifikat Tanah Gratis 2025,Hoax,Tempo Cek Fakta
Keliru: Tautan Pendaftaran Bantuan Bibit Ayam dari Kementerian Pertanian,Hoax,Tempo Cek Fakta
Keliru: Menkeu Purbaya Sebut Utang Pemerintah Rp 24 Ribu Triliun,Hoax,Tempo Cek Fakta
Benar: Video Makam Keluarga Kerajaan Arab Saudi,Hoax,Tempo Cek Fakta
Menyesatkan: Air Rebusan Tanaman Ciplukan Sembuhkan Stroke,Hoax,Tempo Cek Fakta
Keliru: TNI Tembak Tentara Israel di Perbatasan,Hoax,Tempo Cek Fakta
Keliru: Israel Merobek Bendera Indonesia di Forum Perdamaian PBB,Hoax,Tempo Cek Fakta
Keliru: Muhammad Qodari Usulkan Gibran Sebagai Pahlawan Nasional,Hoax,Tempo Cek Fakta
Keliru: Video Stadion Pencakar Langit Arab Saudi untuk Piala Dunia 2034,Hoax,Tempo Cek Fakta
Keliru: Serangan Katak dan Belalang di Brasil pada Oktober 2025,Hoax,Tempo Cek Fakta
Keliru: FIFA Umumkan Pertandingan Indonesia-Oman untuk Tiket Piala Dunia 2026,Hoax,Tempo Cek Fakta
Keliru: Warga Gaza Rayakan HUT RI ke-80,Hoax,Tempo Cek Fakta
Belum Ada Bukti: Kerja Sama Nuklir Indonesia dan Rusia di Melawi,Hoax,Tempo Cek Fakta
Keliru: Mandi setelah Makan Menyebabkan Asam Urat pada Anak-anak,Hoax,Tempo Cek Fakta
Keliru: TNI Lumpuhkan Tujuh Pos Militer Israel di Jalur Gaza,Hoax,Tempo Cek Fakta
Menyesatkan: Haji Terakhir di Musim Panas karena Mekkah Akan Hadapi Musim Dingin dan Salju,Hoax,Tempo Cek Fakta
Menyesatkan: Satu Juta WNI Daftar Pasukan Tanpa Bayaran,Hoax,Tempo Cek Fakta
Keliru: Pesan WhatsApp Bantuan Dana Prabowo Rp 58 Juta,Hoax,Tempo Cek Fakta
Menyesatkan: Danau Susu di Cina yang Bisa Diminum,Hoax,Tempo Cek Fakta
Menyesatkan: Coca-Cola Lebih Berbahaya daripada Alkohol,Hoax,Tempo Cek Fakta
Keliru: Prabowo Ditunjuk Jadi Ketua Aliansi Negara Islam,Hoax,Tempo Cek Fakta
Keliru: Video Denny Sumargo Mempromosikan Judi Online,Hoax,Tempo Cek Fakta
Keliru: Indonesia Lolos Piala Dunia Lewat Jalur Wild Card FIFA,Hoax,Tempo Cek Fakta
Keliru: Cina Umumkan Kemunculan Virus Baru pada Oktober 2025,Hoax,Tempo Cek Fakta
Keliru: Menkeu Purbaya Sebut Harga Asli Pertalite Rp 4 Ribu per Liter,Hoax,Tempo Cek Fakta
Keliru: Pendukung Timnas UEA Lempar Iphone 17 Pro Saat Ricuh Melawan Qatar,Hoax,Tempo Cek Fakta
Keliru: Video Menara Eiffel Terbakar karena Demonstrasi September 2025,Hoax,Tempo Cek Fakta
Menyesatkan: Rekaman Terakhir Pemengaruh Kripto Ukraina Sebelum Bunuh Diri,Hoax,Tempo Cek Fakta
Keliru: Video Tragedi Kereta Api Anjlok,Hoax,Tempo Cek Fakta
Menyesatkan: Video Raja Ampat Berwarna Merah,Hoax,Tempo Cek Fakta
Benar: Petugas Samsat Datangi Rumah Penunggak Pajak Kendaraan Bermotor,Hoax,Tempo Cek Fakta
Keliru: Penampakan Meteor yang Jatuh di Cirebon,Hoax,Tempo Cek Fakta
Benar: Video Warga Asmat Papua Tewas Ditembak TNI pada September 2025,Hoax,Tempo Cek Fakta
Keliru: Menteri di Mongolia Membakar Diri setelah Gagal Menjalankan Tugas,Hoax,Tempo Cek Fakta
Menyesatkan: Indonesia Kirim 20 ribu Anggota TNI ke Gaza,Hoax,Tempo Cek Fakta
Keliru: Ustaz Adi Hidayat Mempromosikan Obat Nyeri Sendi,Hoax,Tempo Cek Fakta
Menyesatkan: Jus Detoks Membersihkan Bakteri dalam Tubuh,Hoax,Tempo Cek Fakta
Keliru: Pernyataan Presiden Uganda soal Hukuman bagi Pasangan Sejenis,Hoax,Tempo Cek Fakta
Keliru: Polisi Melarang Warga Isi BBM Jika STNK Mati,Hoax,Tempo Cek Fakta
Keliru: Presiden Israel Dilempar Telur Busuk saat Keluar dari Forum PBB,Hoax,Tempo Cek Fakta
Keliru: Raja Salman Kucurkan 500 Juta Dolar AS untuk Palestina,Hoax,Tempo Cek Fakta
Menyesatkan: Aksi Polisi Prancis Lempar Borgol untuk Dukung Demonstran,Hoax,Tempo Cek Fakta
Keliru: Prabowo Menyatakan Gaji DPR dan BUMN Seharusnya Setara PNS,Hoax,Tempo Cek Fakta
Keliru: Video Gelombang Tsunami yang Menghantam Pemukiman Desa,Hoax,Tempo Cek Fakta
Keliru: Kebakaran di Jalan Tol Cirebon karena Meteor Jatuh,Hoax,Tempo Cek Fakta
Menyesatkan: Baliho Prabowo di Israel untuk Mendukung Abraham Shield,Hoax,Tempo Cek Fakta
Keliru: Menteri Keuangan Purbaya Umumkan Layanan Pinjaman Online,Hoax,Tempo Cek Fakta
"Keliru: Tautan Pendaftaran Kartu Prakerja 2025 dan Insentif Rp 4,2 Juta",Hoax,Tempo Cek Fakta
Keliru: Harga LPG di Indonesia Lebih Mahal dibandingkan Malaysia dan Amerika Serikat,Hoax,Tempo Cek Fakta
Keliru: Presiden India Draupadi Murmu Masuk Islam,Hoax,Tempo Cek Fakta
Keliru: Video Jet Tempur Siluman Canggih Buatan Indonesia,Hoax,Tempo Cek Fakta
Keliru: Oregano dapat Menyembuhkan Penyakit Mata,Hoax,Tempo Cek Fakta
Keliru: Jurnalis CNN Dapat Hadiah Supercar dari Prabowo setelah Tanya Soal MBG,Hoax,Tempo Cek Fakta
Keliru: Infeksi Cacing karena Mengkonsumsi Mi Instan Berlebihan,Hoax,Tempo Cek Fakta
Sebagian Benar: Perbandingan Performa Penjualan BBM Indonesia dan Malaysia,Hoax,Tempo Cek Fakta
Sebagian Benar: Pembatasan Pembelian BBM untuk Motor dan Mobil dengan Durasi Waktu Tertentu,Hoax,Tempo Cek Fakta
Keliru: Warga Jawa Barat Bentrok dengan Ormas GRIB di Bogor,Hoax,Tempo Cek Fakta
Sebagian Benar: Video Warga Menjarah SPBU sebagai Bentuk Protes Kebijakan Pertamina,Hoax,Tempo Cek Fakta
Keliru: Anak DN Aidit Dalang Kerusuhan Demonstrasi Agustus 2025,Hoax,Tempo Cek Fakta
Keliru: Video Polisi Razia Penunggak Pajak Kendaraan di SPBU,Hoax,Tempo Cek Fakta
Keliru: Riset Dugem Bikin Hidup Lebih Lama,Hoax,Tempo Cek Fakta
Sebagian Benar: Dua Pilot AS Diborgol karena Menolak Terbangkan Pesawat ke Israel,Hoax,Tempo Cek Fakta
Keliru: Megawati Diperiksa KPK pada September 2025,Hoax,Tempo Cek Fakta
Menyesatkan: Nelayan Protes Larangan Membeli BBM dengan Jerigen pada September 2025,Hoax,Tempo Cek Fakta
Keliru: Demonstrasi Menolak Aturan Pembatasan BBM di SPBU,Hoax,Tempo Cek Fakta
Keliru: SPBU Dibakar Massa akibat Aturan Baru Pertamina,Hoax,Tempo Cek Fakta
Keliru: Prabowo Berencana Hapus Jabatan Kepala Desa,Hoax,Tempo Cek Fakta
Keliru: Tautan Bantuan Bibit Gratis dari Kementerian Kehutanan,Hoax,Tempo Cek Fakta
Keliru: BGN Akui Ompreng MBG Mengandung Minyak Babi,Hoax,Tempo Cek Fakta
Keliru: Ajakan Demo Hari Tani 24 September 2025 Hanya Hoaks,Hoax,Tempo Cek Fakta
Keliru: Ada Aturan Baru Pembelian BBM di SPBU,Hoax,Tempo Cek Fakta
Keliru: George Soros Biayai Media untuk Provokasi Demo Agustus 2025,Hoax,Tempo Cek Fakta
Keliru: Video Eskalator Pusat Perbelanjaan Runtuh,Hoax,Tempo Cek Fakta
Keliru: Israel Minta Bantuan NATO untuk Menghadapi Indonesia dan Rusia,Hoax,Tempo Cek Fakta
Keliru: Video Kim Jong Un Prihatin dengan Korupsi di Indonesia,Hoax,Tempo Cek Fakta
Keliru: Ribuan Biksu Gelar Pengajian Akbar di Candi Borobudur,Hoax,Tempo Cek Fakta
Sebagian Benar: Daun Sirsak dan Kunyit Membantu Penyembuhan Stroke,Hoax,Tempo Cek Fakta
Sebagian Benar: Kinerja Bursa Saham Indonesia Capai Level Terbaik,Hoax,Tempo Cek Fakta
Keliru: Video Sahroni Pulang ke Rumah setelah Penjarahan,Hoax,Tempo Cek Fakta
Keliru: Video Warga Papua Menyerbu Tambang Freeport,Hoax,Tempo Cek Fakta
Menyesatkan: Rumah Kapolda Bali Digeruduk Massa,Hoax,Tempo Cek Fakta
Keliru: Tempo Berencana Gagalkan Prabowo Tampil di Sidang Umum PBB,Hoax,Tempo Cek Fakta
Keliru: Mandi Setiap Hari Menyebabkan Kulit Kering dan Iritasi,Hoax,Tempo Cek Fakta
Keliru: Video Pasukan Brimob Mengundurkan Diri,Hoax,Tempo Cek Fakta
Keliru: Qatar Borong 2 Ribu Rudal Banaspati dari Indonesia,Hoax,Tempo Cek Fakta
Keliru: Benjamin Netanyahu Kritis Akibat Serangan Bom Houthi,Hoax,Tempo Cek Fakta
Keliru: Putin Bela Indonesia soal Ambalat di Mahkamah Internasional,Hoax,Tempo Cek Fakta
Keliru: Pidato Dedi Mulyadi Promosi Situs Judi Online,Hoax,Tempo Cek Fakta
Keliru: KTP Elektronik Dilengkapi Chip GPS,Hoax,Tempo Cek Fakta
Keliru: Kementerian Agama Sediakan Paket Umrah Gratis,Hoax,Tempo Cek Fakta
Keliru: Video Megawati Soekarnoputri Marah Setelah Sri Mulyani Dicopot,Hoax,Tempo Cek Fakta
Keliru: Video Dukungan Warga Cina Untuk Indonesia,Hoax,Tempo Cek Fakta
Keliru: Video Aksi Warga Rusia Mendukung Demonstrasi di Indonesia Akhir Agustus 2025,Hoax,Tempo Cek Fakta
Keliru: Tautan Pendaftaran dan Perpanjangan SIM Online Gratis,Hoax,Tempo Cek Fakta
Menyesatkan: Video Ahok Kritik Kemenkeu Setelah Sri Mulyani Dicopot,Hoax,Tempo Cek Fakta
Keliru: Tautan Pendaftaran BSU yang Terintegrasi Kartu BPJS,Hoax,Tempo Cek Fakta
Sebagian Benar: Pernyataan Megawati Mengenai Proklamasi,Hoax,Tempo Cek Fakta
Keliru: Indonesia Jadi Target Revolusi Warna lewat Demonstrasi Agustus 2025,Hoax,Tempo Cek Fakta
Keliru: Foto Panglima NATO Ingin Buat Kerusuhan di Indonesia,Hoax,Tempo Cek Fakta
Keliru: Reporter Di Solo Ditembak dengan Peluru Karet,Hoax,Tempo Cek Fakta
Keliru: Video Jokowi Perintahkan Penembakan di KM 50,Hoax,Tempo Cek Fakta
Keliru: Berita Anies Siap Gantikan Presiden Saat Kondisi Darurat,Hoax,Tempo Cek Fakta
Belum Ada Bukti: Anggota CIA Rekam Aksi Demonstrasi di Jakarta,Hoax,Tempo Cek Fakta
Keliru: PKI Susupi Demonstrasi Agustus 2025,Hoax,Tempo Cek Fakta
Keliru: PBB Mengambil Alih Pembubaran DPR RI,Hoax,Tempo Cek Fakta
Keliru: Ada Korban Penembakan di Warjo Saat Demonstrasi Agustus 2025,Hoax,Tempo Cek Fakta
Menyesatkan: TNI Gantikan Polisi dalam Pengamanan Demo,Hoax,Tempo Cek Fakta
Keliru: Presiden Prabowo Resmi Membubarkan DPR,Hoax,Tempo Cek Fakta
Keliru: Wapres Gibran Temui Langsung para Demonstran,Hoax,Tempo Cek Fakta
Menyesatkan: Video Gedung DPR RI Dibakar Massa,Hoax,Tempo Cek Fakta
Keliru: Imbauan dari BEM UI agar Terhindar dari Operasi Petrus,Hoax,Tempo Cek Fakta
Keliru: Jurnalis Australia Ditembak saat Meliput Demonstrasi di Indonesia,Hoax,Tempo Cek Fakta
Sebagian Benar: Rumah Dinas Emil Dardak Dibakar dan Dijarah,Hoax,Tempo Cek Fakta
Menyesatkan: Apartemen Slipi Dibakar saat Demonstrasi Agustus 2025,Hoax,Tempo Cek Fakta
Menyesatkan: Video Demo Cikupa Akhir Agustus 2025,Hoax,Tempo Cek Fakta
Keliru: Video Demonstran Membakar Area di Sekitar Summarecon Bekasi 31 Agustus 2025,Hoax,Tempo Cek Fakta
Keliru: Video Rumah Ketua DPR RI Puan Maharani Dijarah,Hoax,Tempo Cek Fakta
Keliru: Ada Korban Pemerkosaan di Tengah Demonstrasi yang Dirawat di RSU UKI,Hoax,Tempo Cek Fakta
Keliru: Antrean WNA Terjebak di Bandara Soekarno-Hatta,Hoax,Tempo Cek Fakta
Keliru: Video Demonstrasi di Bandara Soekarno-Hatta,Hoax,Tempo Cek Fakta
Keliru: Video TNI Marah ke Polisi untuk Dukung Demonstran,Hoax,Tempo Cek Fakta
Keliru: Foto AKP Darkun Tewas Dikeroyok Massa Demo di Kwitang,Hoax,Tempo Cek Fakta
Keliru: Video Demonstrasi di DPR pada 25 Agustus 2025,Hoax,Tempo Cek Fakta
Menyesatkan: Imbauan Tarik Uang di Bank karena Demo Belum Reda,Hoax,Tempo Cek Fakta
Sebagian Benar: Kapolri Perintahkan Tembak dengan Peluru Tajam ke Kelompok Anarkis,Hoax,Tempo Cek Fakta
Keliru: Foto Rumah Sri Mulyani Terbakar,Hoax,Tempo Cek Fakta
Menyesatkan: Video Gedung DPR RI Dijarah Demonstran,Hoax,Tempo Cek Fakta
Sebagian Benar: Penjarahan di Sekitar Mako Brimob Kwitang 29 Agustus 2025,Hoax,Tempo Cek Fakta
Keliru: Video Anggota Brimob yang Melindas Pengemudi Ojol Affan Kurniawan,Hoax,Tempo Cek Fakta
Keliru: Video Penjarahan di Mall Atrium Senen 29 Agustus 2025,Hoax,Tempo Cek Fakta
Keliru: Video Tentara Jepang dan Australia Mengamankan Demonstrasi di DPR,Hoax,Tempo Cek Fakta
Keliru: Immanuel Ebenezer Dirawat di RS Setelah Ditetapkan Tersangka,Hoax,Tempo Cek Fakta
Keliru: Video Tentara Membela Pengunjuk Rasa di DPR 25 Agustus 2025,Hoax,Tempo Cek Fakta
Keliru: Video Demo di DPR pada 25 Agustus 2025,Hoax,Tempo Cek Fakta
Keliru: Video DPR RI Sahkan UU Perampasan Aset setelah Demo 25 Agustus 2025,Hoax,Tempo Cek Fakta
Keliru: Dokter Filipina Klaim Temukan Obat Ambeien Tanpa Operasi,Hoax,Tempo Cek Fakta
Keliru: Video Prabowo Temui Demonstrasi Mahasiswa 25 Agustus 2025,Hoax,Tempo Cek Fakta
Keliru: Video Perwira TNI Menolak Kenaikan Pajak dan Tunjangan Anggota DPR,Hoax,Tempo Cek Fakta
Keliru: Video Demo 25 Agustus di Bundaran HI,Hoax,Tempo Cek Fakta
Keliru: Video Pengusaha Jhon LBF Promosi Situs Judol,Hoax,Tempo Cek Fakta
Belum Ada Bukti: Satu Obat Bisa Sembuhkan Kanker dalam 3 Minggu,Hoax,Tempo Cek Fakta
Benar: FDA Hentikan Impor Udang BMS karena Radioaktif,Hoax,Tempo Cek Fakta
Keliru: Tautan Pendaftaran Bansos PKH dari Kemenkominfo,Hoax,Tempo Cek Fakta
Keliru: Video Dokter Tirta Temukan Obat Wasir dari Air Putih dan Garam,Hoax,Tempo Cek Fakta
Keliru: Jalan Tol Runtuh Usai Gempa Bekasi 21 Agustus 2025,Hoax,Tempo Cek Fakta
Keliru: Kandungan Potasium pada Makanan Memicu Kanker,Hoax,Tempo Cek Fakta
Keliru: Daun Kelor dan Air Kelapa untuk Bersihkan Paru dari Asap Rokok,Hoax,Tempo Cek Fakta
Keliru: NASA Rilis Video Benda Misterius Tabrak Bulan pada Agustus 2025,Hoax,Tempo Cek Fakta
Belum Ada Bukti: Getah Daun Jarak Menyembuhkan Sakit Gigi,Hoax,Tempo Cek Fakta
Menyesatkan: Gedung DPRD Kota Malang dan Pati Dibakar pada Agustus 2025,Hoax,Tempo Cek Fakta
Keliru: Video Dedi Mulyadi Resmikan Pinjaman Online,Hoax,Tempo Cek Fakta
Keliru: Pijat Kaki Bisa Mengatasi Angin Duduk,Hoax,Tempo Cek Fakta
Keliru: Video Tsunami di Indonesia pada 15 Agustus 2025,Hoax,Tempo Cek Fakta
Keliru: Tautan Pendaftaran untuk Cegah Rekening Diblokir PPATK,Hoax,Tempo Cek Fakta
Keliru: Warga Pati Menggelar Aksi Protes Saat Upacara HUT Ke-80 RI,Hoax,Tempo Cek Fakta
Keliru: Vladimir Putin Minta Malaysia Tak Rebut Blok Ambalat dari Indonesia,Hoax,Tempo Cek Fakta
Keliru: Tautan Pendaftaran Petugas Haji 2026,Hoax,Tempo Cek Fakta
Keliru: Video Penembakan Wakil Presiden Gibran,Hoax,Tempo Cek Fakta
Keliru: Video Amerika Serikat Kembali Serang Iran pada Agustus 2025,Hoax,Tempo Cek Fakta
Keliru: Tautan Lowongan Kerja PT Jawa Satu Power,Hoax,Tempo Cek Fakta
Keliru: Video Pelatih Hewan Laut Jessica Radcliffe Tewas Dimangsa Paus Orca,Hoax,Tempo Cek Fakta
Keliru: 10 Ribu Warga Jakarta Ikut Demo di Pati,Hoax,Tempo Cek Fakta
Menyesatkan: Video Sergap.id Soal Liputan Investigasi Rumah Prajurit TNI,Hoax,Tempo Cek Fakta
Keliru: Pemerintah Resmikan Program Pinjaman Koperasi Merah Putih,Hoax,Tempo Cek Fakta
Keliru: Jasa Pengembalian Uang Korban Penipuan Online di Media Sosial,Hoax,Tempo Cek Fakta
Menyesatkan: Biaya Administrasi Perbankan Naik pada 2025,Hoax,Tempo Cek Fakta
Keliru: Akar Alang-alang Gantikan Cuci Darah Pasien Gagal Ginjal,Hoax,Tempo Cek Fakta
Keliru: Memperkuat Sinyal Ponsel dengan Dua Peniti,Hoax,Tempo Cek Fakta
Keliru: Nota Restoran yang Menagih Biaya Royalti Musik ke Pembeli,Hoax,Tempo Cek Fakta
Keliru: Sri Mulyani Umumkan OJK Putihkan Pinjaman Online,Hoax,Tempo Cek Fakta
Keliru: Video Jokowi Palsu setelah 15 Hari Menghilang,Hoax,Tempo Cek Fakta
Keliru: Komdigi Kaji WhatsApp Call dengan Internet Premium,Hoax,Tempo Cek Fakta
Keliru: Video Masjid di Jepang yang Selamat dari Tsunami,Hoax,Tempo Cek Fakta
Keliru: Video Ritual Uang Gaib dari KH. Syamsudin di TikTok,Hoax,Tempo Cek Fakta
Menyesatkan: Rekaman Tornado di Indonesia pada 3 Agustus 2025,Hoax,Tempo Cek Fakta
Keliru: Video Kedatangan Pengungsi Palestina yang Dikawal Jet Tempur Iran,Hoax,Tempo Cek Fakta
Keliru: ASEAN Memprediksi Indonesia Bangkrut Pada 2030 karena Utang,Hoax,Tempo Cek Fakta
Keliru: Video Warga Ramai-ramai Tarik Uang di Bank Akibat PPATK Blokir Rekening,Hoax,Tempo Cek Fakta
Sebagian Benar: Konten Polisi Datangi Warga yang Kibarkan Bendera One Piece,Hoax,Tempo Cek Fakta
Keliru: Video Pemberangkatan Pengungsi Palestina ke Indonesia,Hoax,Tempo Cek Fakta
Keliru: Pesan Berantai dari Yusril Ihza Mahendra tentang Cengkeraman Cina,Hoax,Tempo Cek Fakta
Keliru: Video Mobil Berisi 30 Ton Ginjal Manusia,Hoax,Tempo Cek Fakta
Keliru: Indonesia Kirim Pasukan Atasi Perang Kamboja-Thailand,Hoax,Tempo Cek Fakta
"Sebagian Benar: Suhu di Kota Henan, Cina, Capai 76 Derajat Celcius",Hoax,Tempo Cek Fakta
Keliru: Lagu Kebyar-kebyar Gombloh Dinyanyikan dalam Penutupan Olimpiade Tokyo 2020,Hoax,Tempo Cek Fakta
Keliru: Video Perang Thailand-Kamboja pada 25 Juli 2025,Hoax,Tempo Cek Fakta
Benar: Indonesia Siapkan 20 Ribu Hektare Lahan Pertanian Kerja Sama dengan Palestina,Hoax,Tempo Cek Fakta
Keliru: Tautan Pendaftaran Bansos Ibu Hamil Tahun 2025,Hoax,Tempo Cek Fakta
Keliru: Video Tentara Israel Menyatakan Dukung Gerakan Papua Merdeka,Hoax,Tempo Cek Fakta
Keliru: Presiden Prabowo Subianto Menjadi Ketua BRICS 2025,Hoax,Tempo Cek Fakta
"Keliru: Foto Penemuan Candi di Kecamatan Gondang, Mojokerto",Hoax,Tempo Cek Fakta
Benar: Foto-foto Siswa SD yang Keracunan di Palembang,Hoax,Tempo Cek Fakta
Keliru: Tautan Pendaftaran Program Bantuan Kementerian UMKM Sebesar Rp5 Juta,Hoax,Tempo Cek Fakta
Keliru: Penemuan Ibu Kota Majapahit di Ladang Jagung,Hoax,Tempo Cek Fakta
Keliru: Video Pasukan Militer Amerika Serikat Terus Berdatangan ke Aceh,Hoax,Tempo Cek Fakta
Menyesatkan: Indonesia Menyerang Myanmar untuk Selamatkan 691 WNI,Hoax,Tempo Cek Fakta
Keliru: Video Indonesia Berlakukan Wajib Militer,Hoax,Tempo Cek Fakta
Keliru: Batu Empedu Bisa Hilang dengan Air Kelapa Bakar,Hoax,Tempo Cek Fakta
"Belum Ada Bukti: Kebakaran di Kota, Hikone Jepang Ulah TKI",Hoax,Tempo Cek Fakta
Menyesatkan: Video Tentara Arab Saudi Tiba di Gaza,Hoax,Tempo Cek Fakta
Keliru: Uang Kertas BRICS Resmi Digunakan untuk Publik,Hoax,Tempo Cek Fakta
Keliru: Ilmuwan Alumni UGM Asal Aceh Meninggal di Iran karena Serangan AS,Hoax,Tempo Cek Fakta
Keliru: Iran Kembali Serang Tel Aviv dengan Rudal Balistik 3 Juli 2025,Hoax,Tempo Cek Fakta
Keliru: Tentara Rusia Dikirim ke Jalur Gaza,Hoax,Tempo Cek Fakta
Keliru: Erick Thohir Minta Polisi Hentikan Kasus Dugaan Ijazah Palsu Jokowi,Hoax,Tempo Cek Fakta
Keliru: Tautan Pendaftaran Bantuan Pendidikan dan Modal Usaha dari Prabowo 2025,Hoax,Tempo Cek Fakta
Keliru: Video Iran Pamerkan Rudal Terbesar Miliknya,Hoax,Tempo Cek Fakta
"Keliru: Video Fasilitas Nuklir Fordow, Iran",Hoax,Tempo Cek Fakta
"Sebagian Benar: Daun Jeruk Purut, Cengkeh, Garam, dan Minyak Kayu Putih Menyembuhkan Sakit Gigi",Hoax,Tempo Cek Fakta
Keliru: Video Warga Israel Mengungsi ke Gurun Pasir,Hoax,Tempo Cek Fakta
Keliru: Video Rusia Bantu Iran Menyerang Amerika Serikat dan Israel,Hoax,Tempo Cek Fakta
Keliru: Prabowo Meresmikan Pinjaman Online Tanpa Bunga,Hoax,Tempo Cek Fakta
Keliru: Jusuf Hamka Mempromosikan Situs Judi Online,Hoax,Tempo Cek Fakta
Sebagian Benar: Memanaskan Telur dengan Microwave Berpotensi Menyebabkan Ledakan,Hoax,Tempo Cek Fakta
Keliru: Video PM Israel Benjamin Netanyahu Tewas Diserang Iran,Hoax,Tempo Cek Fakta
Keliru: Video SBY Mengatakan Merokok Lebih Baik daripada Minum Obat,Hoax,Tempo Cek Fakta
Menyesatkan: Video Terbakarnya Saluran Gas Petronas Malaysia Juli 2025,Hoax,Tempo Cek Fakta
Menyesatkan: Video  Metro TV Menyiarkan Bansos Tanpa Syarat dari Presiden Prabowo,Hoax,Tempo Cek Fakta
Menyesatkan: Video Iran Serang Tel Aviv pada Juli 2025,Hoax,Tempo Cek Fakta
Keliru: Rekaman Saat Iran Menyerang Israel dengan Rudal Fattah,Hoax,Tempo Cek Fakta
Menyesatkan: Video Kendaraan Tempur Indonesia Menghadapi Perang Dunia Ketiga,Hoax,Tempo Cek Fakta
Keliru: Video Pertempuran Iran-Israel pada 6 Juli 2025,Hoax,Tempo Cek Fakta
Keliru: Tautan Pendaftaran Bantuan Bibit Ikan Dari Kementerian Kelautan dan Perikanan,Hoax,Tempo Cek Fakta
Keliru: Klaim bahwa Utang Cina untuk Indonesia adalah Fiktif,Hoax,Tempo Cek Fakta
Keliru: Video Pertemuan Xi Jinping dan Khamenei untuk Memberi Iran 100 Unit Jet Tempur Baru,Hoax,Tempo Cek Fakta
Keliru: Kartu Indonesia Sehat akan Nonaktif Jika Tak Digunakan 3 Bulan,Hoax,Tempo Cek Fakta
Keliru: Video Ratusan Kapal Perang Cina Sampai di Timur Tengah,Hoax,Tempo Cek Fakta
Keliru: Video Indonesia Memamerkan Senjata Nuklir,Hoax,Tempo Cek Fakta
Keliru: Video Rusia Serang Amerika Serikat karena Telah Meledakkan Fasilitas Nuklir Iran,Hoax,Tempo Cek Fakta
Keliru: Tautan Pendaftaran Undian Berhadiah Wondr by BNI,Hoax,Tempo Cek Fakta
Keliru: Menuang Tepung di Dekat Kompor Memicu Ledakan Setara Bom,Hoax,Tempo Cek Fakta
Sebagian Benar: Modus Baru Pencurian Mobil dengan Mencopot Pelat Nomor,Hoax,Tempo Cek Fakta
Keliru: Tautan Pendaftaran Bantuan Subsidi Upah 2025 dari Kemenaker,Hoax,Tempo Cek Fakta
Menyesatkan: Video Militer Iran Serang Kapal Induk AS,Hoax,Tempo Cek Fakta
Sebagian Benar: Video Pernyataan Presiden Prabowo Jangan Menyerang Iran,Hoax,Tempo Cek Fakta
Keliru: Video Jepang Mengirim Pesawat Militer Membela Iran,Hoax,Tempo Cek Fakta
Keliru: Video Presiden Korea Utara Berpidato Membela Iran,Hoax,Tempo Cek Fakta
Keliru: Video Pengungsian Warga Israel di Perbatasan Mesir,Hoax,Tempo Cek Fakta
Sebagian Benar: Video Kapal Tanker Terbakar di Selat Hormuz Setelah Ditutup oleh Iran,Hoax,Tempo Cek Fakta
Keliru: Surat Albert Pike kepada Giuseppe Mazzini Berisi Ramalan Perang Dunia III,Hoax,Tempo Cek Fakta
Keliru: Video Kondisi Tel Aviv dan Haifa Sebelum dan Sesudah Serangan Iran,Hoax,Tempo Cek Fakta
Keliru: Video Amerika Serikat Meledakkan Fasilitas Nuklir Iran,Hoax,Tempo Cek Fakta
Keliru: Konten “Luhut Minta Jokowi Tak Diusir” Berasal dari Tempo,Hoax,Tempo Cek Fakta
"Keliru: Pemimpin Tertinggi Iran, Ayatollah Ali Khamenei dan Keluarganya Tewas dalam Bunker 24 Juni 2025",Hoax,Tempo Cek Fakta
Keliru: Video Kebakaran Gedung di Tel Aviv Akibat Serangan Iran,Hoax,Tempo Cek Fakta
Benar: AS Kerahkan Kapal Induk Ketiga ke Timur Tengah di Tengah Perang Israel-Iran,Hoax,Tempo Cek Fakta
Keliru: Video Bandara dan Pangkalan Udara Militer Israel yang Hancur,Hoax,Tempo Cek Fakta
Keliru: Video Formasi Pesawat Cina Saat Mengirim Bantuan ke Gaza,Hoax,Tempo Cek Fakta
Sebagian Benar: Foto-foto Dampak Kerusakan Kota Tel Aviv Setelah Serangan Iran,Hoax,Tempo Cek Fakta
Keliru: Video Tentara Israel Menyerah pada Iran,Hoax,Tempo Cek Fakta
Keliru: Video Serangan Amerika Serikat ke Fasilitas Nuklir Iran,Hoax,Tempo Cek Fakta
Keliru: Pembangkit Listrik Israel Kena Serangan Iran,Hoax,Tempo Cek Fakta
Benar: PM Inggris Menyatakan Tidak Ada Genosida di Palestina,Hoax,Tempo Cek Fakta
Keliru: Video Iran Menggunakan Jet Supersonik Baru,Hoax,Tempo Cek Fakta
Keliru: Bell's Palsy karena Virus yang Tertiup Angin,Hoax,Tempo Cek Fakta
Keliru: Video Aktivitas Pasukan Iran Melawan Israel,Hoax,Tempo Cek Fakta
Keliru: Greenpeace Sebarkan Konten Raja Ampat Buatan AI,Hoax,Tempo Cek Fakta
Benar: Buramnya Citra Satelit Pulau Gag Raja Ampat di Google Maps 2025,Hoax,Tempo Cek Fakta
Sebagian Benar: Obat Tramadol Berbahaya dan Sebabkan Kematian,Hoax,Tempo Cek Fakta
Keliru: MUI Dukung Serangan Israel ke Iran,Hoax,Tempo Cek Fakta
Menyesatkan: Bandara dan Bangunan di Israel Rusak akibat Serangan Iran,Hoax,Tempo Cek Fakta
Belum Ada Bukti: Jokowi Mengidap Penyakit Langka,Hoax,Tempo Cek Fakta
Keliru: Vaksin TBC Berisi Elemen Nanobots,Hoax,Tempo Cek Fakta
Belum Ada Bukti: Uang Suap Harun Masiku Berasal Dari Megawati,Hoax,Tempo Cek Fakta
Keliru: Duta Besar Jepang akan Laporkan Rismon Sianipar atas Ijazah Palsu,Hoax,Tempo Cek Fakta
Menyesatkan: Tentara Israel Berubah Jadi Babi setelah Merudal Jamaah Haji Indonesia dan Pakistan,Hoax,Tempo Cek Fakta
Keliru: Klaim Fadli Zon Tidak Ada Bukti Pemerkosaan Massal Pada Peristiwa 1998,Hoax,Tempo Cek Fakta
Keliru: Makam Nabi Sulaiman Ditemukan di Candi Borobudur,Hoax,Tempo Cek Fakta
Keliru: Virus COVID-19 Dapat Dibunuh dengan Berkumur Air Asin,Hoax,Tempo Cek Fakta
Keliru: Video Pembuatan Beras dari Botol Plastik Bekas,Hoax,Tempo Cek Fakta
Keliru: Obat Cacing dan Vaksin untuk Menyebarkan Virus Baru,Hoax,Tempo Cek Fakta
Menyesatkan: Papua Nugini akan Gabung Ke Indonesia,Hoax,Tempo Cek Fakta
Keliru: Narasi Kerusakan Alam Raja Ampat Hanya Hoaks,Hoax,Tempo Cek Fakta
Belum Ada Bukti: Semburan Air Bersih dari Tanah di Gaza Utara,Hoax,Tempo Cek Fakta
Keliru: Warga Papua Bakar Eskavator di Area Pertambangan Nikel Raja Ampat,Hoax,Tempo Cek Fakta
Keliru: Video Zaidul Akbar Sarankan Penderita Diabetes Gunakan Soda Kue,Hoax,Tempo Cek Fakta
Keliru: Raffi Ahmad Promosikan Dua Situs Judi Miliknya,Hoax,Tempo Cek Fakta
Menyesatkan: 80 Persen Perempuan Penderita Kanker Paru Karena Asap Dapur,Hoax,Tempo Cek Fakta
Keliru: Video Cina Kirim Enam Kapal Perang untuk Membalas Israel,Hoax,Tempo Cek Fakta
Menyesatkan: Video Pawai dan Simbol Kelompok LGBTQ di Ka’bah,Hoax,Tempo Cek Fakta
Keliru: Filipina Terbitkan Surat Penangkapan terhadap Bill Gates karena Vaksin TBC,Hoax,Tempo Cek Fakta
Keliru: Fitur Chat Suara di Whatsapp Pertanda Ada Peretas,Hoax,Tempo Cek Fakta
Keliru: Video 12 Jet Tempur Cina Kawal Bantuan untuk Warga Gaza,Hoax,Tempo Cek Fakta
Keliru: Narasi dengan Klaim Anak DN Aidit Provokasi Jokowi,Hoax,Tempo Cek Fakta
Keliru: Tautan Pendaftaran Program BCA Festival Berhadiah Periode Juni 2025,Hoax,Tempo Cek Fakta
Keliru: Video Presenter Kompas TV Promosikan Obat Hipertensi,Hoax,Tempo Cek Fakta
Menyesatkan: Video Presiden Ukraina yang Disebut Lakukan Serangan Teroris,Hoax,Tempo Cek Fakta
Keliru: Video  Terawan Agus Putranto Promosikan Formula Pereda Nyeri Sendi,Hoax,Tempo Cek Fakta
Keliru: Rekaman yang Diklaim sebagai Suara SBY Protes ke Kapolri,Hoax,Tempo Cek Fakta
Keliru: Varian Omicron XBB Lebih Ganas dan Tidak Mudah Dideteksi,Hoax,Tempo Cek Fakta
Keliru: Iring-iringan Kendaraan Militer Cina Menembus Blokade Israel di Gaza,Hoax,Tempo Cek Fakta
Keliru: Video Putin Melepas Ribuan Prajurit ke Indonesia,Hoax,Tempo Cek Fakta
Keliru: Patung Buddha Leshan adalah Nabi Zulkifi,Hoax,Tempo Cek Fakta
Keliru: Video Rapat DPR RI Bahas Dugaan Ijazah Palsu Jokowi,Hoax,Tempo Cek Fakta
"Menyesatkan: Masjid Nurul Huda di Lahore, Pakistan, Diserang Rudal India",Hoax,Tempo Cek Fakta
"Keliru: Paus Leo XIV Balas Surat Terbuka Presiden Burkina Faso, Ibrahim Traore",Hoax,Tempo Cek Fakta
Keliru: Kemenkes Mewajibkan Penumpang Pesawat Tunjukkan Surat Vaksin TBC,Hoax,Tempo Cek Fakta
Keliru: Video Xi Jinping Perintahkan Militer Cina Berangkat Menjaga Warga Gaza,Hoax,Tempo Cek Fakta
Keliru: Tempo Memberitakan Jokowi Punya Nama Kecil Oeng Hong Liong,Hoax,Tempo Cek Fakta
Keliru: Paus Leo XIV Puji Bantuan Cina ke Gaza dan Singgung Donald Trump,Hoax,Tempo Cek Fakta
Keliru: Video Pilot-pilot Tempur Perempuan Cina yang Dikirim ke Gaza,Hoax,Tempo Cek Fakta
Keliru: Video Aksi TNI Mengeksekusi Pasukan AS dan Israel di Gaza,Hoax,Tempo Cek Fakta
Keliru: Cina Berhasil Menembus Blokade Israel Hanya dengan Satu Pesawat,Hoax,Tempo Cek Fakta
Keliru: Narasi tentang Tuberkulosis Disebabkan oleh Chemtrail,Hoax,Tempo Cek Fakta
Keliru: Video Pesawat Rafale yang Ditembak Pakistan,Hoax,Tempo Cek Fakta
Keliru: Gambar-gambar Jatuhnya Jet Tempur India karena Ditembak Militer Pakistan,Hoax,Tempo Cek Fakta
Keliru: Berita GP Ansor Siap Bela Jokowi Soal Ijazah,Hoax,Tempo Cek Fakta
Keliru: Warga Palestina Membuat Video Rekayasa untuk Mendapatkan Donasi Internasional,Hoax,Tempo Cek Fakta
Keliru: Video Pesawat Kargo Cina Mengirim Bantuan ke Gaza Lewat Udara,Hoax,Tempo Cek Fakta
Keliru: Video Satu Jet Tempur Pakistan Lawan Enam Pesawat India,Hoax,Tempo Cek Fakta
Keliru: Video Terkait Konflik India-Pakistan pada Mei 2025,Hoax,Tempo Cek Fakta
Sebagian Benar: Video-video Kebakaran Hutan di Israel,Hoax,Tempo Cek Fakta
Keliru: Video Ustad Abdul Somad Anjurkan Judi Online,Hoax,Tempo Cek Fakta
Keliru: Angka Autisme di Vietnam Melonjak Gara-Gara Vaksin Bill Gates,Hoax,Tempo Cek Fakta
Keliru: Narasi 47 Ribu Anak India Lumpuh karena Vaksin Bill Gates,Hoax,Tempo Cek Fakta
Keliru: Video yang Diklaim Aksi Pilot Wanita Pakistan Jatuhkan Jet Tempur Rafale India,Hoax,Tempo Cek Fakta
Keliru: Presiden Prancis Macron dan Kanselir Jerman Terlibat Skandal Kokain,Hoax,Tempo Cek Fakta
Keliru: Tautan Pendaftaran Calon Pegawai Koperasi Desa Merah Putih,Hoax,Tempo Cek Fakta
Keliru: Tautan Pendaftaran Bantuan Alat Pertanian,Hoax,Tempo Cek Fakta
Benar: Peneliti Cina Mengembangkan Rumah Sakit Berbasis Kecerdasan Buatan,Hoax,Tempo Cek Fakta
Keliru: Video Pesawat Cina Mendarat di Lebanon untuk Kirim Bantuan ke Palestina,Hoax,Tempo Cek Fakta
Sebagian Benar: Klaim Video Penderita Gagal Ginjal Wajib Makan Ikan Gabus,Hoax,Tempo Cek Fakta
Keliru: Video Pilot Wanita India Ditangkap Tentara Pakistan,Hoax,Tempo Cek Fakta
Benar: Infografis Cara Berlangganan Berita Tempo Menggunakan e-Wallet DANA,Hoax,Tempo Cek Fakta
Menyesatkan: Vaksin Hanya Produk Rekayasa yang Membahayakan Generasi Mendatang,Hoax,Tempo Cek Fakta
Keliru: Tempo Beritakan tentang Pernyataan Try Sutrisno Agar Gibran Diganti Anies Baswedan,Hoax,Tempo Cek Fakta
Keliru: Video Militer Pakistan Menembak Jatuh Pesawat Rafale Milik India,Hoax,Tempo Cek Fakta
Sebagian Benar: Konten tentang Putusan Mahkamah Internasional Atas Israel,Hoax,Tempo Cek Fakta
Keliru: Video Aksi Balasan TNI terhadap Israel,Hoax,Tempo Cek Fakta
Keliru: Video Bantuan Cina Berhasil Menembus Blokade Israel 2025,Hoax,Tempo Cek Fakta
Sebagian Benar: Khasiat Mengkonsumsi Air Hangat di Pagi Hari,Hoax,Tempo Cek Fakta
"Keliru: Tautan Pendaftaran Bansos Go Digital Rp1,5 Juta dari Kemensos",Hoax,Tempo Cek Fakta
Keliru: Video Perdana Menteri Israel Mengancam Presiden Prabowo,Hoax,Tempo Cek Fakta
Keliru: Situs Detik.com Memberitakan Pesan Terakhir Nadiem Makarim,Hoax,Tempo Cek Fakta
Keliru: OJK Putihkan Data Pinjaman Online 2025,Hoax,Tempo Cek Fakta
Keliru: Video tentang 37 Ribu Warga Israel Mengungsi karena Kebakaran,Hoax,Tempo Cek Fakta
Keliru: Klaim Video Prabowo Bertemu Megawati dalam Sidang Pemakzulan Gibran,Hoax,Tempo Cek Fakta
Keliru: Klaim Video Gempa Turki 23 Maret 2025,Hoax,Tempo Cek Fakta
Belum Ada Bukti: Video Manfaat Ekstrak Cabai Membunuh Parasit,Hoax,Tempo Cek Fakta
Keliru: Gambar yang Diklaim Momen Terakhir Paus Fransiskus dengan Anjing Peliharaannya,Hoax,Tempo Cek Fakta
Keliru: Pemanasan Global Disebabkan karena Rotasi Bumi Mendekati Matahari,Hoax,Tempo Cek Fakta
Keliru: Tempo Memberitakan Pernyataan Dedi Mulyadi Soal Ijazah Jokowi,Hoax,Tempo Cek Fakta
Keliru: Akun Instagram pbhi.nasional Milik Perhimpunan Bantuan Hukum dan Hak Asasi Manusia,Hoax,Tempo Cek Fakta
Keliru: Video-video Kebakaran yang Diklaim Terjadi di Israel,Hoax,Tempo Cek Fakta
Keliru: Video yang Diklaim Memperlihatkan Balas Dendam Tentara AS-Israel pada TNI di Gaza,Hoax,Tempo Cek Fakta
Keliru: Rosianna Silalahi Promosi Pengobatan Mata dengan Soda Dapur,Hoax,Tempo Cek Fakta
Keliru: Video Kapal Pesiar Menabrak Jembatan Sebagai Peristiwa Nyata,Hoax,Tempo Cek Fakta
Keliru: Video Koalisi Indonesia-Rusia Melawan Israel,Hoax,Tempo Cek Fakta
Keliru: Konten tentang Jokowi yang Menyebut Peti Mati Paus Fransiskus Mengeluarkan Cahaya,Hoax,Tempo Cek Fakta
Keliru: Seruan May Day 2025 di Sumatera dan Berbagai Daerah adalah Hoaks,Hoax,Tempo Cek Fakta
Keliru: Video Richard Lee Mempromosikan Minyak Ikan sebagai Obat Stroke,Hoax,Tempo Cek Fakta
Menyesatkan: Video Jokowi Saat Wisuda dan Menunjukkan Ijazahnya,Hoax,Tempo Cek Fakta
Keliru: Video Terawan Agus Putranto Promosikan Obat Nyeri Sendi Punggung,Hoax,Tempo Cek Fakta
Keliru: Video Dennis Lim Promosikan Situs Judi Online,Hoax,Tempo Cek Fakta
Keliru: Video Tentara Rusia Tiba di Indonesia untuk Membantu Menyerang Malaysia,Hoax,Tempo Cek Fakta
Keliru: Narasi bahwa Kegiatan May Day dan Seruan Hari Buruh 2025 Hanya Hoaks,Hoax,Tempo Cek Fakta
Keliru: Video Ibadah Umat Muslim yang Diklaim Meniru Cara Kristen,Hoax,Tempo Cek Fakta
Keliru: Sampul Majalah Tempo Edisi 7-13 Desember 2020 Berjudul “Sang Dalang Perusak Bhinneka”,Hoax,Tempo Cek Fakta
Keliru: CNN Indonesia Publikasikan Berita “AHY Menyatakan Masyarakat Ikhlaskan Dana Haji”,Hoax,Tempo Cek Fakta
Benar: Dokumen Pernyataan Sikap yang Dikeluarkan Oleh Forum Purnawirawan Prajurit TNI,Hoax,Tempo Cek Fakta
Keliru: Video Kejaksaan Agung Sita Aset Kaesang Pangarep Terkait Kasus Tom Lembong,Hoax,Tempo Cek Fakta
Menyesatkan: Video dr. Tifa dan Roy Suryo Ditahan Soal Dugaan Fitnah Ijazah Jokowi Palsu,Hoax,Tempo Cek Fakta
Keliru: Detik.com Memberitakan Nikhil Kamath dengan Foto Wajah Nadiem Makarim Babak Belur,Hoax,Tempo Cek Fakta
Keliru: Penemuan Obat Nyeri Sendi oleh Spesialis Ortopedi dr. Rahmat Hidayat,Hoax,Tempo Cek Fakta
Keliru: Penampakan Tujuh Matahari di Perbatasan Suriah-Lebanon,Hoax,Tempo Cek Fakta
Keliru: Video Proses Pembuatan Beras Plastik,Hoax,Tempo Cek Fakta
Keliru: Penggunaan Soda Bisa Mengatasi Gangguan Ereksi dan Impotensi,Hoax,Tempo Cek Fakta
Belum Ada Bukti: Donald Trump Alami Gangguan Jiwa,Hoax,Tempo Cek Fakta
Keliru: Tautan Pendaftaran Grand Prize Mandiri Berhadiah Mobil Mewah,Hoax,Tempo Cek Fakta
Keliru: Video dr. Gia Pratama Temukan Pengobatan Diabetes Di Siniar Deddy Corbuzier,Hoax,Tempo Cek Fakta
Keliru: Video Hotman Paris Promosikan Situs Judi Online Miliknya,Hoax,Tempo Cek Fakta
Keliru: Video Soeharto Berbicara Soal Ijazah,Hoax,Tempo Cek Fakta
Keliru: Video Adi Hidayat Mempromosikan Obat Nyeri Sendi,Hoax,Tempo Cek Fakta
Keliru: Video Jalanan Terbelah karena Gempa Myanmar,Hoax,Tempo Cek Fakta
Keliru: Video Penjagaan di UGM Saat Demo Ijazah Jokowi,Hoax,Tempo Cek Fakta
Keliru: Video Pesawat Airbus A380 Mendarat Darurat dan Nyaris Menabrak Jet,Hoax,Tempo Cek Fakta
Keliru: Narasi Razia Zebra Gabungan Dishub dan Polres Seluruh Indonesia,Hoax,Tempo Cek Fakta
Keliru: Pesan Berantai Ajakan Gerakan 1821 dari Anies Baswedan,Hoax,Tempo Cek Fakta
Keliru: Video Bangunan Runtuh Dampak Gempa Myanmar,Hoax,Tempo Cek Fakta
Benar: Talenan Plastik Berbahaya Bagi Kesehatan karena Menghasilkan Mikroplastik,Hoax,Tempo Cek Fakta
Keliru: Video Tsunami dan Jalan Retak Dampak Gempa Myanmar,Hoax,Tempo Cek Fakta
Keliru: Dewan Pers Tegur Tempo dan Bocor Alus Politik (BAP) Tiga Kali karena Sebar Hoaks,Hoax,Tempo Cek Fakta
Sebagian Benar: Prabowo Klaim Naikkan Gaji Guru dan Menurunkan Biaya Haji,Hoax,Tempo Cek Fakta
Keliru: Denda Rp500 Juta Pandemic Treaty Bagi Warga yang Tolak Vaksin dan Masker,Hoax,Tempo Cek Fakta
Keliru: Video yang Diklaim Produksi Butiran Beras dari Plastik,Hoax,Tempo Cek Fakta
Keliru: Narasi yang Mengklaim Teror ke Tempo Direncanakan oleh Konsultan Bisnis,Hoax,Tempo Cek Fakta
Keliru: Tautan Pendaftaran Bantuan Sosial Periode April-Juni 2025,Hoax,Tempo Cek Fakta
Keliru: Video Pidato Raja Charles Membuktikan Dia Masuk Islam,Hoax,Tempo Cek Fakta
Sebagian Benar: Klaim Prabowo soal Harga Sembako Terkendali pada Ramadhan dan Lebaran 2025,Hoax,Tempo Cek Fakta
Benar: Konten tentang Kerja Sama Garuda Indonesia dan Pokemon,Hoax,Tempo Cek Fakta
Keliru: Video Hotman Paris Promosikan Judi Online,Hoax,Tempo Cek Fakta
Keliru: Video yang Diklaim Memperlihatkan Tarian Tradisi Yahudi,Hoax,Tempo Cek Fakta
Benar: Tol MBZ Tidak Bisa Dilewati Tronton karena Kasus Korupsi,Hoax,Tempo Cek Fakta
"Sebagian Benar: Klaim Inflasi, Utang, dan Defisit yang Rendah Jadi Indikator Ekonomi Cukup Baik",Hoax,Tempo Cek Fakta
Keliru: Klaim soal Tempo Menghapus Berita Jokowi,Hoax,Tempo Cek Fakta
Keliru: Video-video yang Memperlihatkan Penyiksaan WNI di Kamboja,Hoax,Tempo Cek Fakta
Keliru: Gempa di Thailand Terjadi Akibat Melegalkan Pernikahan Sesama Jenis,Hoax,Tempo Cek Fakta
Keliru: Foto-foto Gua Misterius dan Benua Lain di Antartika,Hoax,Tempo Cek Fakta
Keliru: Narasi soal Kerusuhan Mei 1998 Tidak Spesifik Menyerang Keturunan Tionghoa,Hoax,Tempo Cek Fakta
Keliru: Video Restoran di Nigeria Menjual Menu Daging Manusia,Hoax,Tempo Cek Fakta
Keliru: Video yang Diklaim Kasus Pencurian Organ Tubuh Bermodus Pembiusan di Toilet Mal,Hoax,Tempo Cek Fakta
Keliru: Klaim Bahwa Revisi UU TNI Tidak Mengembalikan Dwifungsi ABRI,Hoax,Tempo Cek Fakta
"Keliru: Video Tsunami dan Hujan Es di Hong Kong, Indonesia, dan Argentina",Hoax,Tempo Cek Fakta
Keliru: Video DPR RI Ricuh Saat Membahas RUU Perampasan Aset,Hoax,Tempo Cek Fakta
Keliru: Video Uskup Agung Mempromosikan Obat Nyeri,Hoax,Tempo Cek Fakta
Keliru: Prabowo Menyusun RUU untuk Penjarakan Pejabat yang Hina Rakyat,Hoax,Tempo Cek Fakta
Keliru: Video Veronica Koman Memuji Kinerja Pemerintah di Papua,Hoax,Tempo Cek Fakta
Keliru: CNBC Indonesia Memberitakan Prabowo Melanjutkan Pembangunan IKN Pakai Dana Haji,Hoax,Tempo Cek Fakta
Menyesatkan: Prabowo Akan Hanguskan TNI Jika Membuat Rakyat Susah Usai Revisi UU TNI Sah,Hoax,Tempo Cek Fakta
Keliru: Klaim bahwa PKI Tidak Ingin RUU TNI Disahkan,Hoax,Tempo Cek Fakta
Keliru: Akun dan Konten Instagram Kurawal Foundation Bernama Kurawallfound.id,Hoax,Tempo Cek Fakta
"Keliru: Video Pemimpin Korea Utara, Kim Jong Un Masuk Islam",Hoax,Tempo Cek Fakta
Keliru: Ajakan Agar Masyarakat Tarik Uang Tabungan di Bank Sebelum Terlambat,Hoax,Tempo Cek Fakta
Keliru: Tautan Pendaftaran Program BSPS Tahun 2025 dari Kementerian PUPR,Hoax,Tempo Cek Fakta
"Keliru: Foto Situs Gunung Padang di Cianjur, Jawa Barat",Hoax,Tempo Cek Fakta
Keliru: Tautan Pendaftaran Mudik Gratis BUMN 2025 yang Disebarkan di Facebook,Hoax,Tempo Cek Fakta
Belum Ada Bukti: Klaim Rocky Gerung Terkait Gelar Doktor Honoris Causa Erick Thohir dari Universitas Brawijaya,Hoax,Tempo Cek Fakta
Keliru: Video Rumah Ridwan Kamil Digeruduk Warga Saat Penggeledahan KPK,Hoax,Tempo Cek Fakta
Keliru: CNN Indonesia Memberitakan Budi Arie Sebut IKN Pakai Dana Haji,Hoax,Tempo Cek Fakta
Keliru: Klaim Deddy Corbuzier Soal Protes Aktivis di Hotel Fairmont Mengancam Demokrasi,Hoax,Tempo Cek Fakta
Keliru: Video Prabowo Umumkan Kebijakan Hukuman Mati Bagi Koruptor,Hoax,Tempo Cek Fakta
Keliru: Video Pria dengan Klaim Mengalami Penyakit Kulit,Hoax,Tempo Cek Fakta
Keliru: Kompas TV Menyiarkan Acara Dokter Tirta soal Pengobatan Berbagai Penyakit Akibat Parasit,Hoax,Tempo Cek Fakta
Keliru: Akun-akun Medsos yang Diklaim Milik Pengacara Publik LBH Pekanbaru,Hoax,Tempo Cek Fakta
Keliru: Video Richard Lee Promosikan Web Miliknya Untuk Berbagi Rezeki,Hoax,Tempo Cek Fakta
Keliru: Video yang Memperlihatkan IKN Banjir Besar,Hoax,Tempo Cek Fakta
Belum Ada Bukti: Pembalut Wanita Yang Mengandung BPA dan Klorin Sebagai Penyebab Kanker,Hoax,Tempo Cek Fakta
Sebagian Benar: Besaran Kerugian Negara di Pertamina dan PT Antam,Hoax,Tempo Cek Fakta
Keliru: Video Razia Warung Makan di Bulan Ramadan,Hoax,Tempo Cek Fakta
Keliru: Video Pengesahan Peraturan Pemerintah Pengganti Undang-undang (Perppu) Hukuman Mati Bagi Koruptor,Hoax,Tempo Cek Fakta
Keliru: Istri Presiden Prancis Emmanuel Macron adalah Ayahnya yang Transgender,Hoax,Tempo Cek Fakta
Keliru: Video Richard Lee Promosikan Situs Judi Online Miliknya,Hoax,Tempo Cek Fakta
Keliru: Video yang Diklaim Sebagai Tsunami,Hoax,Tempo Cek Fakta
"Keliru: Formulir Pengaduan Korban BBM Oplosan Pertamina untuk Dapat Ganti Rugi Rp1,5 Juta",Hoax,Tempo Cek Fakta
Keliru: Video Klaim Mahasiswa BEM Unair Pembakar Foto Prabowo-Gibran Ditangkap,Hoax,Tempo Cek Fakta
Keliru: Video yang Diklaim Memperlihatkan Sungai Meledak Disebabkan Sambaran Petir,Hoax,Tempo Cek Fakta
Sebagian Benar: Metode Pengobatan Tumbukan Jahe Dapat Digunakan untuk Nyeri Lutut,Hoax,Tempo Cek Fakta
Keliru: Video Pekerja Cina di Morowali Habis Dibakar Massa,Hoax,Tempo Cek Fakta
Keliru: Klaim Tautan Pendaftaran Gebyar Undian BCA Edisi Maret 2025,Hoax,Tempo Cek Fakta
Keliru: Gambar yang Diklaim Sebagai Penemuan Arkeologi Pedang Raksasa,Hoax,Tempo Cek Fakta
Sebagian Benar: Video Kerusuhan di Masjid yang Menyebar Maret 2025,Hoax,Tempo Cek Fakta
Sebagian Benar: Video yang Diklaim Memperlihatkan Banjir di Kelapa Gading Jakarta Awal Maret 2025,Hoax,Tempo Cek Fakta
Keliru: Gus Dur Ramalkan Prabowo akan Dilengserkan Tak Lama setelah Jadi Presiden,Hoax,Tempo Cek Fakta
Keliru: Video Raffi Ahmad Promosikan Situs Judi Online Miliknya,Hoax,Tempo Cek Fakta
Keliru: Tautan Pendaftaran CPNS Pengelola Dapur Umum MBG 2025 yang Beredar di Facebook,Hoax,Tempo Cek Fakta
Keliru: Penangkapan Mahasiswi yang Diklaim sebagai Provokator Aksi Indonesia Gelap,Hoax,Tempo Cek Fakta
Keliru: Gambar Tumpukan Uang Hasil Penjualan Pertalite Dioplos Menjadi Pertamax,Hoax,Tempo Cek Fakta
Keliru: Video Dalang Pembakar Foto Prabowo-Gibran Ditangkap,Hoax,Tempo Cek Fakta
Keliru: Video Mahasiswi Unair Orator Demo yang Ditangkap karena Hina Prabowo,Hoax,Tempo Cek Fakta
Benar: Klaim Video Satpol PP Dikawal TNI Sita Bensin Eceran dan Pom Mini di Balikpapan,Hoax,Tempo Cek Fakta
Benar: Adanya Laporan tentang Dugaan Pencurian Organ Jenazah Warga Palestina oleh Israel,Hoax,Tempo Cek Fakta
Keliru: Klaim Video Mahasiswa Ditangkap Karena Membakar Foto Prabowo-Gibran,Hoax,Tempo Cek Fakta
Belum Ada Bukti: Memendam Uneg-Uneg sebagai Penyebab Kanker Pada Perempuan,Hoax,Tempo Cek Fakta
Keliru: Klaim PLN Membagikan Token Listrik Gratis Senilai Rp250.000,Hoax,Tempo Cek Fakta
Keliru: Video Mobil Komando Demonstrasi Jadi Bukti Aksi ‘Indonesia Gelap’ Digerakkan PDIP,Hoax,Tempo Cek Fakta
Keliru: Video UFO Jatuh ke Brasil pada 27 Januari 2025,Hoax,Tempo Cek Fakta
Belum Ada Bukti: Shawn Mendes Diklaim Masuk Islam Setelah Terekam Ikut Salat Jumat,Hoax,Tempo Cek Fakta
Keliru: Tautan Pendaftaran BRImo Festival 2025 yang Disebarkan di Facebook,Hoax,Tempo Cek Fakta
Keliru: Restoran Mie Gacoan di Tangerang Selatan Disegel karena Mengandung Minyak Babi pada Februari 2025,Hoax,Tempo Cek Fakta
Keliru: Video Penemuan Kuda Bertanduk di Hutan Kalimantan Utara,Hoax,Tempo Cek Fakta
Sebagian Benar: Konten di Facebook tentang Resep Rempah Detoks Rahim dari dr Zaidul Akbar,Hoax,Tempo Cek Fakta
Keliru: Tautan Pendaftaran Gebyar BCA 2025 Berhadiah 5 BMW 520i M Sport,Hoax,Tempo Cek Fakta
Keliru: Unggahan Vatican News tentang Paus Fransiskus Meninggal Dunia pada Februari 2025,Hoax,Tempo Cek Fakta
Sebagian Benar: Klaim Cara Penyembuhan Fatty Liver,Hoax,Tempo Cek Fakta
Keliru: Dokter Tony Setiobudi Menemukan Metode Pengobatan Diabetes,Hoax,Tempo Cek Fakta
Keliru: Video Guru SMP di Grobogan yang Berciuman dengan Siswanya,Hoax,Tempo Cek Fakta
Keliru: Foto Mahasiswa UI yang Diklaim Membuktikan Demonstrasi ‘Indonesia Gelap’ Digerakkan PDIP,Hoax,Tempo Cek Fakta
Keliru: Siti Fadilah Promosikan Pengobatan Diabetes dengan Metode Fenugreek Temuan Tony Setiobudi,Hoax,Tempo Cek Fakta
Keliru: Aksi Mahasiswa Indonesia Gelap Ditunggangi LSM yang Dibiayai USAID,Hoax,Tempo Cek Fakta
Keliru: Dua Foto Pelajar SD di Papua Meninggal karena Keracunan Makanan Bergizi Gratis,Hoax,Tempo Cek Fakta
Keliru: Video Pembagian Uang ke Mahasiswa Demonstran Indonesia Gelap,Hoax,Tempo Cek Fakta
Keliru: Poster Berlogo Kumparan Tulis Prabowo Minta Semua TV Putar Musik Keroncong Jam 6 Pagi,Hoax,Tempo Cek Fakta
Keliru: Foto-foto Cristiano Ronaldo Tiba di Kupang NTT Pada 19 Februari 2025,Hoax,Tempo Cek Fakta
Keliru: Klaim Video Pandji Pragiwaksono Mempromosikan Judi Online,Hoax,Tempo Cek Fakta
Keliru: Video Najwa Shihab Menayangkan Testimoni Sri Mulyani yang Sembuh dari Hipertensi,Hoax,Tempo Cek Fakta
Keliru: Video Raffi Ahmad dan Ustad Adi Hidayat Promosikan Obat Diabetes,Hoax,Tempo Cek Fakta
"Sebagian Benar: Gambar Sampul Majalah Tempo Bergambar Prabowo, Jokowi, dan Gibran",Hoax,Tempo Cek Fakta
Menyesatkan: Potongan Video Ketua DPD Gerindra Lampung Tak Hafal Pancasila,Hoax,Tempo Cek Fakta
Keliru: Mandi Setelah Makan dan Begadang Sebabkan Stroke,Hoax,Tempo Cek Fakta
Benar: Infografis Sanksi PSSI Jawa Tengah untuk PPSM Magelang pada Februari 2025,Hoax,Tempo Cek Fakta
"Sebagian Benar: Labu Kuning Madu sebagai Obat Kolesterol Tinggi, Hipertensi, Luka Usus Lambung dan Mata Rabun",Hoax,Tempo Cek Fakta
Keliru: Narasi tentang Pemerintah Ukraina Memanen dan Menjual Organ Tentara Korban Perang,Hoax,Tempo Cek Fakta
Keliru: Video Klaim Kemenangan Rp300 Juta dari Situs Judi Online Tiket100,Hoax,Tempo Cek Fakta
Keliru: Video Taylor Swift Menyebut Kebakaran Los Angeles karena Ulah AS di Gaza,Hoax,Tempo Cek Fakta
Sebagian Benar: Kisah Seorang Nenek Miskin yang Terlibat Pencurian Singkong,Hoax,Tempo Cek Fakta
Menyesatkan: Narasi bahwa Cina Mudah Mengganti Nama Jalan di Indonesia,Hoax,Tempo Cek Fakta
"Keliru, Bercak Darah di Tisu Toilet Umum Dapat Menularkan HIV dari Pengguna Narkoba",Hoax,Tempo Cek Fakta
Menyesatkan: Video Polisi Los Angeles Masuk Islam Setelah Kebakaran Besar,Hoax,Tempo Cek Fakta
Keliru: Tautan Pendaftaran Haji Gratis Kemenag 2025 yang Beredar di Facebook,Hoax,Tempo Cek Fakta
Keliru: Dokter Zaidul Akbar Mempromosikan Metode Penurunan Berat Badan Dengan Jambu Biji,Hoax,Tempo Cek Fakta
Keliru: Video Aktor Gading Marten Mempromosikan Situs Judi Online,Hoax,Tempo Cek Fakta
Keliru: Klaim Tautan Pendaftaran Relawan Makan Bergizi Gratis,Hoax,Tempo Cek Fakta
Keliru: Video Raffi Ahmad dan Dr. Tony Setiobudi Promosikan Obat Hipertensi di Kompas TV,Hoax,Tempo Cek Fakta
Sebagian Benar: Narasi yang Menghubungkan Penggunaan Kontrasepsi Suntik dan Tumor Otak,Hoax,Tempo Cek Fakta
Keliru: Ratusan Petugas Damkar di Los Angeles Ramai-ramai Masuk Islam Setelah Kebakaran,Hoax,Tempo Cek Fakta
Keliru: Narasi yang Mengatakan Konsumsi Ikan Nila Berbahaya,Hoax,Tempo Cek Fakta
"Keliru: Great Reset 2030, Jaringan Internet dan Listrik akan Mati Secara Global",Hoax,Tempo Cek Fakta
Benar: Video yang Memperlihatkan Presiden RI ke-7 Jokowi di Uni Emirat Arab,Hoax,Tempo Cek Fakta
Keliru: Klaim soal Dampak Pemanasan Global dan Potensi Jakarta Tenggelam Hanya Isu,Hoax,Tempo Cek Fakta
Keliru: Klaim Tautan Bergambar Avatar Presiden dan Wapres Untuk Daftar Bansos PKH 2025,Hoax,Tempo Cek Fakta
"Keliru: Saraf Terjepit Bisa Sembuh dengan Rebusan Daun Alpukat, Daun Pandan, dan Bawang Putih",Hoax,Tempo Cek Fakta
Keliru: Klaim Hashim Djojohadikusumo bahwa JETP Program Gagal karena Tidak Ada Pembiayaan ke Indonesia,Hoax,Tempo Cek Fakta
Keliru: Nilai Tukar Dolar AS Anjlok karena Ulah Bankir terhadap Donald Trump,Hoax,Tempo Cek Fakta
Keliru: Tautan Formulir Pendaftaran Bantuan Beasiswa Pendidikan dan Modal Usaha dari Baznas Kota Bandung,Hoax,Tempo Cek Fakta
Keliru: Situs Pendaftaran Program Pemeriksaan Kesehatan Gratis,Hoax,Tempo Cek Fakta
Belum Ada Bukti: Klaim Daun Seledri Ampuh Bersihkan Ginjal Tanpa Cuci Darah,Hoax,Tempo Cek Fakta
Sebagian Benar: Industri Sosis Babi Berpotensi Sebarkan Virus Babi pada Manusia,Hoax,Tempo Cek Fakta
Menyesatkan: Video Cokelat Cadbury Mengandung Lemak Babi,Hoax,Tempo Cek Fakta
Keliru: Video Air Minum Dalam Kemasan Aqua Mengandung Formalin,Hoax,Tempo Cek Fakta
Keliru: Video yang Diklaim Bencana di New York,Hoax,Tempo Cek Fakta
Keliru: Video Penemuan Replika Ka’bah di Lahan Bekas Kebakaran Los Angeles,Hoax,Tempo Cek Fakta
Keliru: Tautan Pendaftaran Pembuatan SIM Seumur Hidup,Hoax,Tempo Cek Fakta
Benar: Anggota Komisi I DPR RI Sukamta Mengusulkan Warga Israel Dipindah ke AS,Hoax,Tempo Cek Fakta
Menyesatkan: Klaim Ideologi Sekuler Sosialisme dan PKI Dalam Kurikulum Merdeka Belajar,Hoax,Tempo Cek Fakta
Keliru: Tautan Pendaftaran PLN Peduli untuk Dapat Keringanan Pembayaran Listrik Rumah Tangga,Hoax,Tempo Cek Fakta
Keliru: Denny Sumargo dan Pesulap Merah Buktikan Situs Judol Tanpa Settingan,Hoax,Tempo Cek Fakta
Keliru: Video Dokter Boyke Jelaskan Cara Menurunkan Berat Badan di Kompas TV,Hoax,Tempo Cek Fakta
Keliru: Klaim Cara dan Posisi Duduk Tertentu sebagai Tanda Kolesterol,Hoax,Tempo Cek Fakta
Sebagian Benar: Susunan Resmi Pelatih Timnas Indonesia yang Beredar di Januari 2025,Hoax,Tempo Cek Fakta
"Keliru, Kompas TV Tayangkan Pengobatan Pemulihan Penglihatan dalam 7 Menit",Hoax,Tempo Cek Fakta
Keliru: Hasto Kristiyanto Divonis 50 Tahun Penjara Dalam Kasus Korupsi,Hoax,Tempo Cek Fakta
Keliru: Struktur Pagar Laut Tangerang Sebagai Metode Reklamasi Alami,Hoax,Tempo Cek Fakta
Keliru: Video yang Diklaim Membuktikan Kebakaran Los Angeles Dampak Percobaan Senjata Energi,Hoax,Tempo Cek Fakta
Keliru: Klaim Pendaftaran BPJS Kesehatan Gratis 2025,Hoax,Tempo Cek Fakta
Keliru: Kebakaran Los Angeles Berkaitan dengan Rencana Smart City 2028,Hoax,Tempo Cek Fakta
Keliru: Rebusan Daun Salam dan Bunga Jantung Pisang Bisa Menyembuhkan Stroke,Hoax,Tempo Cek Fakta
Keliru: Klaim Video Layanan Gratis Medical Check Up Terkait Plandemi 2 dan Satu Sehat,Hoax,Tempo Cek Fakta
"Keliru, Vaksin COVID-19 Menyebabkan Kanker Turbo",Hoax,Tempo Cek Fakta
"Keliru, Website Pendaftaran Program Petani Milenial 2024",Hoax,Tempo Cek Fakta
